PC1,PC2,PC3,PC4,PC5,PC6,PC7,PC8,PC9,PC10
-0.2808095377407084,-1.3794774833275651,0.08991320183014183,1.3818184732432595,0.3580973161000779,-0.20792269952020015,0.9696205619914487,-0.7058274907608264,0.2708554392401736,-0.06110694141859934
-1.63722907612449,-1.5087945390858635,0.5504324230397376,1.0193348107488063,-1.9601083000417816,-0.4558505832946044,0.2701564361750804,0.4836989952383957,0.6656837190910914,-0.3527706676794142
-0.2827202517632657,0.3344935789625973,0.6311005462710182,0.2401314272584482,0.18139774877176604,-0.4849473321932505,0.2117341877816601,0.8024641627116214,0.10124653376784452,-0.23863356259715918
-0.7095076566078835,1.325439362402744,-1.520568179536374,0.19643427019208304,0.429754890265592,-0.47794434436966193,0.2897323057645854,0.6086259186218153,0.09305305540867734,-0.3462693457065198
2.735695634519964,0.25095255203204414,-2.4928480437412768,0.32866612532425443,0.3524409185441685,-0.5745745415583964,0.02740754829257055,1.029468492572015,-0.1346163340712074,0.41558797792227103
0.930249848268844,-0.8606946710331248,0.2884851860038604,-0.19925607722922195,-0.5893384685814403,-0.060807784640443625,-1.3264986353604005,0.9240110453060106,-0.8271390814556422,0.5192818039468725
-2.189676993644171,-0.24889233219031226,0.027929764711472304,0.39608434167777823,0.7724896568256823,-0.84075689988681,-0.086445046519309,0.5244552735734536,0.43149898389887614,-0.6116430704001712
2.551636566611391,-1.0870942430834634,0.36562255972232144,0.44574573535856493,-0.0823024599659719,-0.4397615097761823,-0.5789104389959703,0.07830924080981437,-1.113960726641715,-0.6293668698364432
-2.3724355213893764,-0.06423804379418327,-1.0905977049678626,0.39881057624582156,2.040739574632339,1.1860741277396813,-0.7224699192639128,0.36520368575023826,-1.0507990918532821,-0.188218678021931
1.678431139513459,-0.028714339606113293,-0.23082518578857147,-0.843065308150674,0.646943442354251,-0.8870363084040858,-0.04715064704891069,1.4728086387517805,-0.028770060164714804,0.04139127465169526
-4.874897411266656,0.24258594849409676,-1.4564138011246488,-1.521581601755144,-0.7067460316911804,0.6816460226107279,0.60790427587106,0.5779019388750499,0.4676212548870421,0.36390102228461113
-3.592473271955115,2.2748153649868046,-0.12494900877380369,0.10792938917523476,-0.03499308695372303,-0.2222802363948979,0.49771467899997446,-0.09961708162244093,-0.2396751686799173,0.5062084881243167
0.9152021466754137,-0.28124685140797007,-2.9945230404996983,1.4741783208091783,1.7474722077921245,0.3527539003511257,-0.3452919260767121,-0.4090819016062897,-0.08262222432314455,-0.2286123513453864
0.987196712980534,-0.25077456411181603,0.5346717772427151,-0.27439931855503724,-0.1631250051831654,-0.014813119548078216,0.6000922144404212,-0.2965063688892059,0.07956333622493325,0.04865147956912932
-0.4786361748825193,-1.4504142975489556,0.9109376481367041,1.2639846471334317,-0.45091702235160447,1.4541923091964248,-0.47001034108731027,0.021134096742443424,-0.5553162819955788,1.347583571653849
0.24591035291992996,-1.818380344887722,-0.034803226852655876,0.3617786903003761,-0.8537445770022375,0.6928448918464432,-0.013204425813414225,-0.8051504286627285,0.36088011956971444,0.29901820460290934
-0.42923827181331164,0.4413793456294186,-0.9229003082446694,-0.7751535454113401,-0.10125681384781565,-0.1705253669670591,-0.755371723312088,-0.15051971519855487,0.5390808181659893,-0.23897935688285085
-3.7850901224196036,1.1512903810479531,-0.02391975185933467,-0.42550279052345596,-0.897533961247656,0.5128694803702023,0.8905934673980975,-0.8433720455250255,0.2174157968083285,-0.5787836391406896
-1.2238207586569687,-1.121143513373663,-0.9830120440352158,-0.0919410190397734,-0.15034088762151507,0.7391651079571382,-0.6817496124346741,-0.4717550268073089,-1.0737755735443664,1.0736492038340975
-1.37864173859647,-0.955642127250717,1.0015453929148603,0.3201052354027228,0.2334169486324891,-0.12193965637810325,-1.1840543255171627,-0.35648357287184423,0.30259916556788163,0.16585109015768174
1.8066003958965065,0.10336094957912757,0.5908973239914784,0.7373697048327565,1.4961351087179353,-0.13911138359783923,0.6929156759319706,-0.41032544496242923,-0.3195070238118195,0.16981719035056264
0.6950442464717211,-0.9650986569997896,0.8198273893154023,-1.745733214671216,0.7879008250617496,0.2530526336523101,0.04811733221683127,-0.1272743271996931,1.0445272227298634,0.16178223769178715
-4.316690264181961,-0.6275407222477439,1.459885145973525,-0.2970182727745724,-0.6139599893668751,-1.446432327117715,-0.37257186602080744,-1.0981458157908457,-0.8831522421433348,-0.30129732522278124
1.3699630504476845,0.2323393539329716,0.1571072087623299,-0.47826256504777476,0.8854906244135964,0.20238612214796134,0.5340438431516674,1.6973443590850874,-0.721435464132738,0.24408875010187608
0.10113516549748015,-0.8754849229423427,-0.07224571451933609,0.1248608903639859,0.188055271385102,1.010366585205979,-0.9282679630199245,1.1815263671580944,0.21410284380480532,0.8266741246655349
-0.9994253046264899,-1.3989784947571346,0.22872197750190185,0.16617005103732524,0.4906447144624086,-0.029016727555695412,-0.3352126290432836,-0.04388991167772601,-0.5361127112365333,-0.31329415525130827
0.89180022805702,1.1696132489007078,0.947556411693026,0.8667295634133755,-0.47750017068602707,-0.5232514161257382,1.0809165599156336,-0.7350351238159727,-0.20839762539067952,0.11091670594295572
2.1103971291145536,-0.2350327869702529,0.31409273687273653,0.8587355304400133,-0.154670265482944,0.3459882543255629,0.19309642082166523,-0.14048915806996556,0.23337585897626453,0.23427921533494941
2.1140467127041225,0.027738409231557855,0.47383781120302165,0.1443028852557888,0.804692711441496,-0.8541562045834399,0.4440481389241356,1.1859237239449776,0.7635225361504072,-0.46207452766645973
-0.43772331251448354,0.6590910232427598,-0.40083822567840677,-0.7236303078760962,-0.5247668472892046,0.4943477611606676,1.2772870422734595,0.5255959635859863,-1.0245464703027762,0.08309807976086195
-1.5154634573362011,0.6168022724449598,1.704755730867764,-1.0037185805380033,0.49953010591423586,0.11355110844135904,-0.15896630474010573,-0.475831462627905,-0.046532778689560995,0.09289854975283236
0.9814772176732807,1.263894943536767,0.7187147350338761,-0.559265629162088,-0.3417467546810595,-0.19855809165068358,-0.7773949741960096,-0.4786802994605279,0.41013258950040665,-0.6276530305679832
2.289080165759575,-0.24781304560104286,0.4596395705824382,-0.46579113550433493,0.7972650289848108,-1.1698234486480266,-0.9815144270507459,0.15354956484259044,0.37046097507838227,1.1288763865517983
-0.6165903657457793,-1.983179237464106,0.4205927347916818,0.2984090054466349,-0.6002563381093645,-0.21392383103993157,-0.19352203541533072,1.204309713177955,-0.39570588719608046,0.22561800132484855
0.056275497990821724,-0.611351959193142,0.4486889522872743,-0.7969897969188199,0.25758579701701984,1.474338291503745,-0.354664503207319,-1.4491295362373213,-0.18187522456727098,-0.16315023193655834
-0.8149658382627465,-0.8801815351321086,-0.3106637263587055,1.5134217428366996,-0.08495432600763672,0.6338580223375972,-1.4746056880738367,-0.645342996661553,-0.5282726680946784,-0.44600116958142416
-0.7122636592274583,0.2507262919030424,-0.11889403514152383,-0.000609372276892571,0.2918464173105725,0.26302377077852857,-0.8759192089363879,0.7899794852344303,-0.3362968097331873,-0.6402088598582777
2.115592897092582,-0.4723716838390887,0.29987037277447925,0.32972995234101665,-0.26424961345098935,-1.146425378072677,-0.3347060933334875,0.05719111962998123,0.5875107673923005,-0.3578905722595481
3.8162300824748208,-1.6231355036512518,-1.207036876390099,-1.0085061883708661,-0.6765812171576304,0.36122739565926915,-0.37541200494793914,0.19565529580485627,-0.036932431716641595,0.07936693601040681
-0.18354577611661943,0.10574879800788345,0.6924593733196291,0.980750085982245,1.20466437417267,0.7020789206294135,-0.5571209779802069,0.6089225842708439,0.41171758499892364,0.19633602147811322
1.5858706135983662,1.390102084404623,-1.4786595957102693,-0.5791426601139052,0.5550566326126055,0.3182851573612402,0.8568076596155014,-1.1832527160379729,1.1462516656009916,-0.02244738349843642
0.7360253170715626,0.22076703680093368,-1.217557904524329,-0.770884341270577,1.318344053947632,-1.1261770489860419,0.4143347129759775,0.6917945204365464,0.39534361516703725,0.3150467550278164
-1.425303609241743,-0.921745542423776,-1.1507852260184883,-0.40710708615677665,-0.6147654689862185,-0.7420372887969839,-0.8771838285383223,-0.6582305894546107,-0.23283648858675451,-0.3153235887473792
2.0030127776298934,0.6651896591647704,-0.4290043112826278,-0.05328595515719357,-0.8099483798512926,-0.10450711781702642,-0.23617534038448923,-0.3162906446914318,-0.3033408356480744,-0.22540021593951298
2.4115700550355683,-0.3751451295116878,0.22046726375022452,0.944284344228599,0.16345021400825854,-0.7721828149639579,1.0867719921127075,0.5299689314754095,0.8156590834511934,0.8928393882260454
-1.0256835344233595,0.16543095924734125,-0.8309355581733711,0.4173284006714917,-0.19623676852425637,0.8238667789996557,-1.1026962458620104,0.33412212557324095,-0.2762602887674017,-0.3097728103665749
2.770675228005208,-0.35825324387442503,2.3004936963185303,0.3165830007856079,-0.09543944618776061,0.6565071412849288,0.1377997056790361,-0.3126295921979294,0.23434852187941335,0.49405942180276213
-4.364395703967961,1.852938684217254,0.521293101925329,0.7058430354624143,0.24902304880920084,1.1240428819464088,-0.7502084075817337,0.13679936587674513,-0.30405411635661406,0.13555823447254906
3.197525946875688,0.954782266928495,0.4431463280932282,1.125704899207539,1.209878498287553,-0.20875719156584904,0.5688016597262473,0.6792314487692758,0.0648058797169285,-0.3985257265648055
1.054060649476079,-1.0829904024282873,-0.3564710534363967,0.10856965502133437,0.563842878771271,-0.8049921048247959,-1.6029719633634267,0.48076311298611124,-0.3394286266294793,-0.3485251492484871
-0.5666522279338063,-1.0022341144062197,1.4067032474180985,0.22985949815402631,-0.13445767280493479,-1.068956183546427,0.32183861269253855,-0.4340489769478964,-0.24673776284447146,-0.329602705030308
0.7630041559643211,-1.1072793256375582,-0.6560201255566591,1.2477078395033998,-0.1954223119430896,0.7738294800251392,0.1464756502898794,0.10964178049456563,-0.617037187823198,-0.9103546919300888
-3.759515733294424,0.22451799467929837,0.20936668355258775,-1.065594839996862,-0.5728637523190244,0.9920112465617883,0.019164017659475927,0.7640390062445296,0.4417745552069028,-0.8729863695127175
-0.9896712059009822,-1.2353482920331855,1.720259177290956,1.484156932362224,1.0098418511563425,0.7267233799829715,1.2026923372899359,0.24149353065190135,0.6250607378070282,0.29416661959660273
0.5556309591280949,-0.066077132147613,-1.297982091208176,0.16864873701339397,1.0551849133930489,0.25928155157129706,0.5150872047397991,-0.13439126488124817,0.053767173413110304,0.5998375035947652
3.7010362968804724,-1.8328662829045061,-0.8952846051170686,-0.7464401686892456,-0.356433441899727,-0.7773100675629603,-0.6598796920174615,-0.08026371495132721,0.3934817814381401,-0.6137985936743838
-0.6434666466235727,0.671210190643879,0.744598013040495,-0.0643851945898143,0.4803769723022594,-0.15624394008348422,-0.1495148073002954,0.5766506171464543,-0.17372243653318564,0.0766966453712039
-1.4287068402365828,-1.5694852085875888,1.5159136478757198,1.1962755976185895,1.4659229125416464,0.5683506370798759,0.1102464529994377,1.4264553620631761,0.15460402103286816,-1.1818175878069666
-0.3307217920171561,-0.03215627757840345,0.0896097126143261,-0.8142421277003734,-0.18399221569563523,1.0862821484616136,-0.46435302591501026,0.7588113329301567,-0.8446433210070542,-0.30528083913488785
3.0610937989222493,2.251399950480023,0.4944005841034781,0.1519785653043941,0.9515510687589418,1.4270948468715765,-0.49303417689107865,0.8058001765833012,0.28970019321479723,-0.11274245696568186
1.4705952947546217,0.1713618179556895,0.11809497339828527,0.07574791930269172,-0.5154145564517465,-0.03893723742589309,0.34705790380723467,0.5791578009263706,-0.8049551516856833,-0.47713151279355154
-0.6961098277667348,1.3267622122048468,0.020921576953132532,-0.8813246468619222,-0.598077744097577,0.502907980223707,-0.3215518121974804,0.2198176524109679,0.07824065450973167,-0.5581634445182782
0.24757337278806996,-1.2858621956773215,0.5073768048079144,-0.16568688046324914,2.200808934439038,-0.7612246064013162,0.6085557848533975,-1.1154939677260816,0.38380875189980534,-1.0283889980047047
0.3644416090290497,1.3617215833441034,-1.525834293484983,-2.1242158836581657,0.8733007882042736,-0.8958870348835429,1.1724592526392839,-2.057707848335767,-0.024082547041160873,0.5874852358925875
2.675476283238074,0.6610351324175026,0.7694034528605985,0.06745741630184811,-0.7948460515258676,0.9369521673836823,-0.1327349984617038,0.08204894586321206,0.3475458254728869,0.06746067580543076
-2.2097647945630183,0.5467560607006087,-1.488880618615056,0.8923534145953973,-0.4331233678056595,-0.4555202009868749,1.6617641035747666,-0.39099473916684807,-0.8329263111670785,0.15526657399549873
-1.5739042809263324,-1.2673730266844623,0.5426388193352336,0.6252296890467226,-0.8775181258350665,-0.6877599798600951,0.3523955762681863,-0.6952046020586075,0.3246400949440184,-0.2004569394696155
-0.1843984290546966,-0.6871155072407974,0.10418084477199076,-0.3129975752427522,-0.10729919284406696,0.6886652624690933,-0.4251646538168931,0.1971962197967304,0.0063834007042324874,0.08914462891192855
-3.3101492350082222,-1.3262016159051235,-0.15574466775839624,-1.3608952015499787,-0.2382986201793922,0.5446979660139897,-0.7953672327601793,-0.2624082006197095,-1.0901290726918682,0.12467566048635575
0.8314420603044582,-0.8323126415634409,-0.782163487813579,-1.455058397235868,-0.24700685158251112,0.8654995598560499,0.05521331218386178,0.594263067638615,-0.6389632712572672,0.4470795893640265
1.72490284100676,-2.1179776911922583,0.8083806241162955,-1.3661911395080006,-1.1741392574078762,0.34512029928868615,-1.00986560113516,-0.10417726184853836,-0.37625472404160665,-0.4781010826618033
-0.21100623101215135,0.6675927628511216,1.062891108383756,-0.9051702261339304,-0.17492308029790443,1.8566586038021253,-0.1332838834381673,0.13976020108363704,0.6189768781515622,-0.07153226448092452
-1.1641059653889496,1.1248281735436905,-0.4939658396286969,0.3670169003114961,0.4829885050023418,-1.1665009291715727,-1.263131199988513,-0.28016633893383447,1.0501420135482777,-0.19800748031490054
-2.9522703242566863,1.3843736318733777,1.0404045041678853,0.5114743844297535,0.3356606587608789,0.82137157698583,-0.10759719147165392,0.8474309722037152,0.2009545462122573,0.41529932906393285
-0.5956957049393921,0.43727834937327487,-0.8617186810577226,0.3455995387547175,0.6047367965180357,1.0053773986619496,-1.2425032876938336,-0.31200887586914805,-0.2612262503914815,-0.2430678550804116
-0.32855135405255487,0.9811693826991645,1.8536562280480207,-0.09988788797313776,-0.9109871498838249,0.0034147703429882057,-0.4192152282313499,1.1618985433577702,0.5033806167906276,0.20605777545088047
-2.0148652937450544,0.9639666328201615,-2.262085891954422,0.8665878792631913,-0.7330210009019876,-2.1190147961846324,0.031212276918215605,0.16577017080696183,-0.18082293739384167,0.44387485454953574
-0.4085006376472798,1.298748270374669,-0.024469361147029023,-0.811287938860258,0.3832660457384847,0.4200525295645324,0.022713368343804358,0.29552833546569623,0.39310586417330656,0.0022528266234302157
1.5104214121882038,0.20112076190749315,-0.4157190522602224,-0.2889897003743956,-0.38763789868489396,0.027006566853842427,0.3515689396861128,1.2022362269369353,0.5493200223064658,-0.2186884282152592
3.206382497664033,-0.2657388524842304,-1.069966299807319,0.1460964423658649,-0.2119565152023112,-0.4603997763621655,-0.2258851932637628,0.7311386944989955,0.46118464870491443,0.3252286097540769
0.8708179884073818,-0.06487383067258529,-1.4928275051675086,0.8275854323531194,-0.8509792147911758,-0.05449454785959557,-1.2766311942446569,0.4711680790907932,-0.34964300355143535,0.1608802417499545
0.6404760582673654,-0.4855787168943328,-0.5748441055766221,0.07534525514476918,0.29401567415043545,-0.4510049161775044,-0.7624520810865494,1.1324909631568965,0.23899526025679854,0.05514235324737526
-1.7911002194476922,-2.5784523612182544,-0.5604386605549703,-0.032861502040036294,0.1419057155905404,-0.7226303742772963,0.36840280669962633,1.1863637374869493,0.3573317417677613,1.1021171492161455
-4.165466847450598,0.5500134371651011,-0.8470216621232994,0.20739894866735412,1.0840917484970296,0.29377304836214174,-0.08673284876794453,0.2124910992706267,-0.5367372749743293,0.4872574688554046
-0.7987543306961168,1.913760280482509,-1.1041081441474343,-0.039476001772028924,1.1231425689943733,-0.2891917161494367,-0.16810034988483616,-0.6740308836515798,0.17852629153050956,-0.12032915099181819
1.2216857760739899,-0.9093429169248162,-0.42145995638934003,0.4131611583720352,0.780519945753219,1.2198020814761388,0.6004395746022178,0.7905547588335986,-0.8518414396199588,0.29328676401215925
5.872965470748735,0.20932069051413152,1.5733016665254498,0.5891862002552872,-0.2400093644842062,-0.5428810230919334,0.8305182551655532,0.6483042518531577,-0.22209214668788257,0.43476819269815586
-0.35280230586097955,-0.40691727599842803,-1.06838847251307,-0.5851850947046613,0.5124859294853756,-1.34410333330472,0.5352137814242508,0.9550094037070553,0.41094981240976436,-0.6359708108079386
1.5973313801458016,-0.94212961987375,-1.0260419287270783,1.0064084208703508,-1.4117982380330696,-1.098799536943677,-0.5065959616603272,0.06749741378725428,-0.3473715341190051,0.3613396188750889
-0.23753279933645696,0.7371728025623118,-0.5487021689567021,0.17202440544727196,-0.8114965355653131,0.9704069808009771,0.44497267246484606,0.1681656351026786,1.4069100245033261,-0.02359065602307772
-2.0722892765323344,1.9069557802559503,1.0740018564650529,0.09203202920818428,-0.24764960347888676,0.39550017522400743,0.10666569143640243,0.5198358218011215,-0.4249431437325929,-0.44158155424176176
2.88989308262668,0.7180266049711306,-0.9862529464560043,0.2922128792072522,0.30437191446239314,0.8125286239813154,0.5541916902558842,-0.14652392477257042,0.5010240557761318,0.5013597055268217
2.6222691429103424,0.13292542739177554,-1.3546556375375511,-0.32029584411332446,-0.9198992285711032,-1.1407786842883842,-1.0137254445535913,1.2319401758954367,1.1036354239336768,-0.02820251749171413
1.7702065121422867,-0.4157017514843674,1.2831674478934152,-0.2676741492234296,0.06405624670499237,0.7925646889344421,0.4947865392076041,-0.699117921667364,0.3838851414651018,-0.20147194568233173
-1.556576684729874,0.542932507999586,1.5149188517908452,0.749009527989356,-0.6248672267069957,0.9155244787561855,-0.7129629636207446,-0.08920316184674734,-0.5903782028665506,0.3093414939087278
3.316110223726984,-0.13090533458833306,0.28693559649819583,0.9394583742915914,0.30303337718022166,-0.33467359641609346,0.727853890370211,0.290300500431839,-0.9378385476207521,0.139508796432655
-2.510142191849712,0.7439290163889593,-2.6733289213055507,-1.0412353966745078,0.40363298324850044,0.02677232343451962,-0.7861425963836012,-0.41022470112298065,-1.5520770766161545,-0.456861815439626
1.9046464697485967,0.6536909010073196,1.6173071684987603,0.07879543476926612,-0.23057071987442462,0.858420951867125,-0.7236926041245185,-0.27175266007148824,0.8915921274990061,0.1976602362864998
4.1727423050130374,0.24677399662469557,0.4160864471821104,-1.2857485718535588,0.5805050237136833,1.3809182278275192,0.626391439208174,-0.7604843687127913,0.18864190733279826,0.5940512739711707
-1.1836007725149367,1.100468118818261,0.4752511989398752,0.26947445737437165,-0.3659081687807069,2.040352482134472,-0.5019873385219339,-0.4284770197429795,-0.7863373730619034,0.3161476092700919
-1.641515340976123,0.30092231012959886,2.5047526181719113,0.6334303375489417,0.15923250865498909,-0.1242448760500442,-0.07722039846952661,0.7042861895247565,0.6287627121110144,0.8466102073501098
-0.27416604252696064,2.1000679332868732,0.01487053781923284,0.8023301758564073,-0.642382832566491,-1.8458650517982775,1.2341222487125585,0.5603838955883204,-0.7917159103932438,0.04490623297082953
-1.1539077940015592,-0.7233452759603077,-0.6457456395028545,-0.2858757892726485,0.13026334681061214,0.9310998150532466,0.20467851009876062,-0.8507740632995127,0.31225396621980267,-0.05871832105409613
-3.3351243673386297,0.14885906262965576,0.954224228387493,-0.3570361953431445,0.3023172503441196,-0.29083242930811315,-1.6663539848193911,-0.6914107895310793,1.224826878812367,-0.6383275394389717
-0.44040695335827684,-0.0859417953250289,0.745547124494489,1.2487644562449511,1.0327678684657564,0.27600514354036004,0.2087434349990483,-0.0939318039470026,-0.502048902592089,0.5235543759260426
-2.4218349537842285,0.16751693632355222,-1.6041682201932328,0.4424724377205683,0.04079605428378305,-0.9592655948593753,-0.2236490812755272,-0.777696212845296,-0.12807195367333635,0.5437543367254972
-0.41607811265774036,-2.095245241464467,2.162915989903115,-0.38289899223530544,-1.0944757965635479,0.04054913885783041,0.26586775024003617,0.6690554984723688,-0.06676631308313434,0.3904746309703508
-2.1317431481034412,1.5621036063905192,-0.14258086376248513,-0.04570644240682841,-0.38946901827964303,-0.0949865370972703,0.317775230656872,-0.1937916467815274,0.7615786868072372,0.9520791748641644
4.03072431755105,-1.0610413800372622,1.3397169931094473,-0.013015812059411111,0.2178126508733226,-0.668816271782051,0.9016762501688633,-1.109450675622377,-0.9764004962599456,0.12230725528409567
-0.9764120335800274,-0.5903202525079116,0.6981479065456937,0.010901195572676114,1.8216143433257301,0.7877664370450842,-0.2399616717367645,0.21067893768308657,-0.8922539878299475,-0.469245083167528
-0.3950785790835241,-1.1502676842961588,0.11810594948078829,0.1627421374424034,-0.43440420200155805,0.29680747891009723,-0.7974158986321551,-0.041994491187496624,0.4090146615909218,0.4628396704363189
1.9195153770899473,0.26306661437789053,-0.9716573879377038,0.06169260509080847,-1.2700943519497825,-1.1990989467578088,0.8332305011573837,-0.5607537770105466,0.8329865771931637,-0.38360752043032253
-1.3098647577715397,-0.35633295687921046,-0.6772223277634296,-0.3318733027265765,0.13709215464989385,1.88568691344059,-0.17641702141467366,0.13970353827162274,0.4298229972109573,-0.02804016366198238
0.6819906831730336,0.23574590832837097,-0.3173195881151011,0.598556544943391,0.9019765550278807,1.1163585725176848,-1.53618880728766,-0.9825919578086211,0.16582595560962002,0.6999495583446257
2.5853932901480197,-0.5466635897395826,-0.7520978824796403,-0.22769564380487303,1.5115171119307416,0.18307013626183213,0.08653201494673675,-0.32888404087641016,0.44757656450251454,-0.37498139745889675
-2.792772187864488,0.6141090249042149,1.2013494156240911,0.15983667173207813,-1.0645408680751007,-0.09099786720609035,-0.20991118684089513,-0.925999297675601,0.42498189216732174,0.16990384838778927
0.7166360289591591,-0.18703536798624557,0.14479358285518615,0.8178766044961501,0.5565261431446865,0.05653284327988288,1.0789531224028157,-0.7741901630343822,-0.6670642777267342,-0.31799206619153214
1.0198506848985305,-0.50272152264169,-0.9512124733516347,0.13519305886539343,-0.23093774188451832,-0.5352056741203371,-0.2527775273229008,0.6005300713538986,0.07954297686009666,-0.4689396144582593
1.526995842261676,0.39068435433297727,0.6675149085743356,0.8097690163117353,-0.8218139951205474,-0.6334635664801614,-1.2431148222621051,-1.012075704399112,0.8071855372915904,0.7746685291544385
-1.9781735975743941,-0.08891800213738531,0.7459003168501254,0.4902950613342953,-0.8754893811039834,-0.36633914867953304,0.26733610817274056,-0.01963013419962885,-0.15140275779797008,-0.3409847966435269
-2.498384936523604,-0.6886100595300184,-0.5358736158927743,-0.5075723969825559,0.7860332728229511,1.2811803246503095,-0.3132891184159387,0.6272757948959023,0.647178366202905,0.3422605430436291
1.4200463559754266,-1.45687953143414,-0.6381999249114167,-0.6536917184448691,-1.0528569905844027,0.5580349581664088,-0.20287281930663498,0.10246555045893363,0.03303600850527553,-0.6299727740255737
0.40157937181491843,1.0437700104881333,0.2963542453889366,-2.528034629623744,0.9318173848099387,0.6047119235086217,0.8701817835097055,-1.0172534214500482,-0.38695270164386053,0.30305094886900547
1.2336666203743936,0.46843295689174586,-0.719064145075729,0.913922505059974,-0.07108975667342526,1.7329634974033308,0.5609489701545461,-0.27165675283354895,0.9782953858485185,-0.08867429803407617
0.9264505292989161,2.0497641684427914,0.486516521592466,-0.7234409318883729,-1.1559106649022761,0.7458948151548994,-0.6675733430617796,0.47187494368924243,0.5965448114821006,0.16115100506011681
-2.665689475304789,-0.25874621803046094,-0.25998949977143315,-0.8960673483910216,0.026226229816443177,-0.957378327380796,-0.6833527009552628,0.0965441086416488,0.7073241220286876,0.46234345416310174
0.25516448366937944,-0.5931562943394127,-0.37696171966462877,-1.9519106407780011,0.04788073647954289,0.19151560689538968,-0.21321983872547812,0.5242901066001255,0.17665572816785258,-0.09583117090816012
-0.24591158789479078,0.18305482483798557,-0.10264837268395663,1.663461024019692,-0.9742651129845392,1.2909779903703327,0.5045329467024897,-0.3924740630990182,1.18589371130067,-0.38731553772192573
-1.2009089113070046,-0.1614493303508411,0.11641782392635237,-0.4981002061738321,-0.4286649423957136,0.28128329894852305,-0.09456107788776258,1.5517696741878004,-0.7140720527534592,0.6662497873939319
2.89710598564374,-0.7296923653042717,-1.3159637482931366,0.47889650356322144,0.37170353508702697,-1.0248246168412547,0.741715895788183,-0.6729734602686901,-0.16479289685679321,-0.18118739693353467
1.4507739070619876,-0.6140500788525366,-0.663136736671566,0.7256642464681765,-0.6215615931389407,-0.25964285051988356,0.5672901203944325,0.09414506967568773,-0.20624805687529868,0.41425134093968924
-3.3614874665211314,-1.5633211647716936,0.3084305345271047,0.4187694240750649,0.6454107453579737,-0.17070472542676035,-0.2569019610876651,0.07276450287915388,0.5509952681747049,0.1562033124742171
1.8697182503337326,1.5513090755844565,-0.3321969667522109,-1.4050306963774748,-0.1332592904527458,-0.21676043650557564,-1.2013407946528492,0.1604632844299232,0.7313915421518844,-0.41540501029116367
-1.8918195233258028,1.8140122771582838,0.26544564921481667,-0.18362291448299292,1.2774507784526,0.9315264969161959,0.3748730154314144,0.9142054007997549,0.49343002062452435,-0.04550413275907756
2.05555392637022,0.39202852654221915,0.8749570972152066,-0.9958006457032973,0.7412115961949178,-1.068780884253172,-0.709535637166296,-0.2760537356649867,-0.739163569992201,0.5846550252311442
1.7228624779089095,1.1871540241187224,-1.2580995743157422,0.8750878836360244,-0.34831704864181473,-0.3641746889916637,-0.4111455225063848,-0.7550613387876642,-0.41999256046947425,0.3950867294190102
-1.998826349461787,-0.2565976714037412,-0.5339259348011236,0.6024862159136042,-0.04812029579731903,0.07118542356019587,-0.2211603389983591,-0.11075978901477457,0.12077962216271387,0.29286598267167924
2.8279308031229555,-0.4814881326432589,0.2196188934198321,0.7020692489484075,-0.19613683804506007,-0.4869264589746461,0.517107056994626,0.1514059892047094,0.03816034738831376,0.24767827049983052
0.6403424745510536,0.37345288989784087,-2.146838774924007,1.3149945114405712,-2.113001420915896,0.1709244004149181,0.14534055855648365,0.5531533471641243,-0.5102726727897173,-0.08528404205575299
0.9618907987907116,0.2677635194201275,-1.108521802272897,-1.5633204939805896,1.401618825480842,-1.2501214838387462,-0.5329970102311433,0.10358832405485359,0.3975312844817554,0.08444107593670568
4.046539111216736,-1.3591456681984264,-2.6206678968454993,-1.469655713685255,1.8922454027757047,0.25826694280510565,-0.26335092648300795,0.27997474764875613,0.8016850644190441,-0.17981954735502056
-0.07066152031944256,0.020628135286291593,0.3610051569416439,0.22393691337027943,0.5786860310002446,0.16543425421071556,0.10213655886344371,0.1129492648777823,0.5857201483402525,-0.169437809823299
-1.726934121218208,1.0138190899255066,-0.13329797778726934,-1.6628926517679552,-0.4309313389935725,-0.24861769636187586,0.6739069983146697,-1.0635637127625737,0.11589114080668045,-0.2092742319247568
-0.9067033696492776,-1.2378611398796806,-1.502130484658867,0.09694512378914912,0.21039007484121122,-0.7089415065755222,0.4716894991206633,-0.05502231807585962,0.5570429065527368,0.7437451443920121
-1.7192095406048353,-2.087473577329059,1.391686246028275,0.6493500577615968,0.5968997768522655,0.9663103228178475,-0.31947695324105546,0.5118482065328027,-0.10926235476008284,-0.10133953983205626
0.05118910763794507,-0.42666952431037736,1.4585391476722185,-0.9768607256310995,0.7426486256510736,-0.23102997243774598,-1.053854608228769,-0.06076521086380007,-0.2905653350998831,0.5315831072708981
1.9815010083158955,0.5998395935169158,0.0800383233548502,0.27260515647116085,-0.33394379256546136,-0.017626977707035398,-0.29039829963555525,0.45212830308178087,-0.8584847499229871,0.06978045623508644
-0.7043503805326382,0.04139468215872904,0.5037424986747702,-0.2512179527956722,-1.1515897984055086,-0.3052256494780691,0.49840582923433197,-0.6144792994449685,0.035078313180078355,-0.06389881243303826
1.1293306228636668,-0.42213530521457304,0.2571747772551431,-1.4701944847981847,1.158399345625644,0.5039227626233479,0.13653872212374907,-0.40028994898036246,0.31560954819595916,-0.264714312286185
-1.159627874020902,0.3717452868974955,0.3972432880509058,0.7249104738744211,-1.7374000098178732,-0.060811986733435824,2.1383295411848646,0.020230985903506644,-0.144984113269031,-0.7924469992154153
4.576156433026288,0.3411118069841482,1.8826575696352759,0.44964375268551476,0.5541505308838998,-0.6682716838100801,-0.4349486642396493,-0.7255846706118964,-0.7645106963121269,-0.10326763488444664
-1.3225611416125427,0.2995978098020114,1.0242722445881034,-0.06425771017589768,-0.4787644819712825,-1.3290272970936157,0.2709852211934747,-0.6716765239586253,-0.16070460782219556,-0.1836805933439132
4.859656112467615,-0.5700736680097338,0.5525929154813166,0.697310248980668,-0.7888297925486182,0.5061616436730045,-0.012027106748040917,-0.3390613770793093,0.3656608243791812,0.2816399932812391
1.6346551506526126,-0.3167429256653558,-0.29199790783982493,0.7141077746204969,0.1646119227061601,0.14587942612407634,0.06433981970540265,0.20978634239192823,0.343296625078385,0.20881656976838492
-1.394802273000042,-0.8222795029685476,-2.338420060009949,0.57018390923847,-0.8593564981039892,0.3727228850223447,0.3712877303451048,-0.08601202093183359,0.5899045603888617,-0.47110272227468525
-3.2925129033421254,1.48837055712222,0.1511744318469034,0.2642465976340359,0.21534262323160516,0.840779987436368,0.4681963481581767,-0.7506850158227325,0.8915568270856283,0.7796204775949187
1.3503306448513794,-0.025697013791503187,-0.8455274043259887,0.016792755051134624,0.9590049513657558,1.1361369841998585,0.20723312771637326,0.20292531944040762,-0.4208733156423138,0.0027230207745610325
-0.6004482717584722,-0.580364002005376,1.0484557766153773,-0.05999949336160405,-1.141863784993809,0.4332877380008909,-1.1672029962713402,-0.51266515034757,-1.1349787362462023,-0.11017923230653483
1.138359481618846,-0.42368638175394624,-0.6573411332545651,-0.31754758265462285,0.9595400111246419,0.3506230741334581,0.4251169391255651,-0.04666470296972655,0.04573254725771495,0.4339377775088281
0.8740799726919691,0.7562540495442774,-0.7062626407426867,1.9998089419487723,-0.36073029752140867,0.3526464195992582,-0.7988714676750513,-0.03193699446230884,-1.204368857415962,0.07724894049310213
0.37967824177104137,-0.9876850779768998,-0.7714171901201516,0.2649230732127498,-0.4626770076552363,0.13440082890680152,0.23356599392812377,0.4106942079735202,0.4122722681757459,0.20028039362505065
-1.6986766010370429,0.4066285557005288,0.455309963812228,0.6349074694669787,-0.23769222699577475,-1.1931968909390307,0.12050149077892758,-0.43940692254927205,-0.747678527424566,0.6848215697599724
-4.162069369859514,0.5061965958578102,-1.5162113669650366,0.4394108843281111,-1.2242918504080336,-1.2797845228054885,0.6571967385339218,0.19980278639639332,0.23186364679630064,-0.12936775905795017
-0.3070596163975755,-0.36854893597151206,-0.5496442410407503,-1.2138180930436144,0.7819048313822275,-0.5562816502969765,-0.4206613754687995,0.98431492551509,0.6408955927825122,-0.3960677200076571
1.889942783687363,-0.6465079718726355,-0.38544214668027915,0.6196638547949216,-0.815020287985638,0.1853856460123712,-0.09511109847040962,-0.9678578396100467,-0.8702681842042588,-0.650648020683835
0.6389398418958938,-1.742611646228425,-0.33677628140147453,-0.18897268968667683,-1.9290482180448223,-0.7664520937168224,0.6480371078696874,-0.8927128869229758,0.3488464519484408,-0.5506269681444844
-3.0772045137423376,-0.31338406960531795,-1.1230905313732493,-0.8390307269654573,0.7595609078525345,0.31055740188800346,1.715325130359503,1.002069668015985,-0.5161322863025322,0.14810605884114192
0.5437186836815292,0.34869413672921185,0.43724040108266177,1.4909669760412767,-0.43895059284830273,1.273449421516882,0.4785329082468394,-0.1665992861441415,-0.5223209265082861,0.006124654999420509
0.8812622037947389,1.1475551909775867,0.9103907170679075,-1.1099834417997227,-0.27705358043158695,0.016637764450354177,0.7042713154917535,0.35852107964341157,-0.4033291689847464,0.31119437241569325
-1.4262353423292842,-0.6939964340931851,0.4576721094498379,-0.1032406731924142,-0.22674887410072123,-0.34949310667510664,1.092837723241124,-0.4634138116758278,0.2541588474394712,-0.7546535825460782
-0.15956681890931135,0.861582047850845,0.527305306560549,-1.3022803717952356,-1.4341172402660616,0.5577892822488667,-1.4374244421844808,-0.5885174205030832,-0.7295764874791265,0.4592434582881022
0.6460964993194775,0.7242864380426881,-0.542282311064192,0.10820804086810132,1.4835887714854288,0.6974780540771559,0.8230866938814829,0.8136349003875563,-0.7856602350435432,-0.4115328143076891
-2.9482876176868844,0.29634371342532184,-1.405827433078545,-0.5295853847534094,-1.284960690622333,0.6292063193267565,-0.3348431164284121,-0.6866671624390615,-0.1019445876387638,-0.30291008207286096
0.899911453041675,1.0978776715618677,0.3125895441979107,0.4358013154119869,0.6395596921129953,0.4771492558429722,0.14431249094917908,0.313099911753145,-1.7697860504042273,0.3157228684998832
0.08234352785437225,-1.2250388778193797,-0.8067069243493674,0.6518123319982374,-0.6174016962449917,-0.060902835347527925,0.1062380918538723,-0.1704641420609752,0.4118404254451712,0.462050646343687
1.91542286825679,-0.12168137620295334,1.0541988256264214,-1.3476350912819157,0.2608268648053006,0.3103601925925219,1.3163216060794816,0.19981363925095838,-0.33356901336283556,-0.48400207439707493
2.794634220094222,0.9085242073580295,-0.1748887416465737,0.7728146065767723,-0.8842858057998216,1.6580414175324685,-0.15145945755928936,-0.2645105594432234,-0.5221562330427879,-0.050815326379535515
-1.5589435470949555,0.11490245983364905,0.9981801246884004,1.1368009341618228,1.3908210423084393,-1.3949083808377187,-0.6059709198002238,-1.3230343402115077,-0.40697147772182446,-0.29669215128533455
-0.8837825970569034,1.162589539196519,-0.6852347540204876,-0.9564511488283203,-0.19971587961949333,0.18823068867403397,-0.3935894798269684,0.320920613693235,-0.11157801368143132,-0.2938008278066567
1.5825084900907314,0.8188164671983793,0.3907036746107307,0.2525123912522362,-0.8529007779899462,-1.330831564389267,-0.7192350462730672,0.477429809263719,-0.5010938194684189,-0.24343435754039638
0.9214996368805596,-0.6289360527160582,-0.9118914379045245,-0.5272134517562427,0.7129399221515964,0.24060465814548898,-0.4390409702504068,-1.0390294281531243,0.30020883502719803,-0.3135985384551975
0.9393550543239559,0.6159174459796248,0.6070608494635874,0.7328189413031765,-1.5749866719190277,0.024894869609603847,0.955043266478551,-0.5074618942113543,-0.3691023242960522,-0.05464449192969344
8.249335608331673,0.5229321647435516,-0.7903374244455003,0.8993081446933798,0.9439502251627921,-0.17640021207688905,0.7403445750458709,-0.312220867262736,0.028054550438083296,-0.6228242176584654
0.4290286346877275,-1.3687601094574822,0.6402605732240448,-0.8655800759538417,-0.43038457083426446,-0.4113066499581851,-0.9457837647013482,-0.9309810088616365,-0.9380326973355685,0.5566261813269824
2.6003393067857195,-0.8972353184704899,-0.30615958806578314,-0.46888167093819216,0.6792157010290286,0.19605842399876164,-0.7081328629861432,-0.05965036185523931,-1.2682791561701001,-0.5302536911252154
1.1390936197400132,-0.8045869441698704,0.30747159961460374,-0.5965553718858925,0.3726745131593084,-0.029276124916508238,0.17523208089934703,0.5225089561681605,-0.12520824966132366,-0.1888190088164829
0.09629011265694928,-0.7643527041692437,0.2330035611254553,-1.6630547812693697,0.5135144534601848,0.6785239013410499,-0.03515535771144087,-0.28766854407998776,0.9945097048553845,-0.11100050421512123
-0.6180297663990655,-0.16563512116337725,-0.825639053004297,-0.6054964777172387,1.2553052220730423,-0.5353103896578367,-0.21019293966230546,-0.6482813555461169,-0.3946837570188753,-0.5736370356938088
1.5696677466846038,0.8465873428762626,-1.7107181264645153,0.8517439277664883,0.5470351984640545,-0.8503473319562489,0.18098228764134217,-1.0978312732490214,0.6831487516928665,0.023971741216398095
-1.5751332419082942,1.2930995574773663,0.1846460180909354,0.9876835624604978,-1.4897072139454473,-0.5001757188315881,0.2938612047125961,-0.46175158001385475,0.2383457297820129,-0.04970478873227291
-0.3556496169472377,-0.11846411473252556,1.0146221760059067,0.5544302066387264,0.36247652282840137,0.033226902184470886,-0.08859017409825289,-0.0019187854632155535,0.6808126441710922,-0.3698277487693717
-0.9771108893464995,1.1400925171705885,-0.6087752172770993,1.5275168945736968,-1.1097313085712361,-1.0242597978050831,-0.8362358388397875,-0.662813325186781,0.31109117291682653,0.30562424218775
-0.2637519373471489,0.0533416350500853,0.8359490832592823,-0.3555108300564904,0.9767888688290798,-0.5942396927347574,0.27508596042722155,-0.6022399105927623,-0.7793868132514482,0.017113399833528564
5.261480563170802,0.26247070634052055,-0.8976135749817801,-0.08491008096688062,0.7407392316610966,0.1894299379670129,0.8125626744191885,-0.5363596700736316,-0.23660907906001283,-0.14957687659941035
-3.566264703618545,1.5990866509370616,-1.8262506770212754,0.7508476034718982,-0.0435016320084761,0.2975620462948939,0.27196636900718135,-0.9323020135550467,0.24014034672439896,-0.3143488390103077
1.9872251479880791,0.7645853055291318,-0.9260240280329011,-0.5441555082054452,-0.4917952787269769,0.2847033939293226,1.3812920898332595,0.4677088904592813,-1.2398636822293232,0.8306199189309903
-3.8979992194263624,-0.5207664971488943,0.7338279172746364,0.5712825208209241,-1.134414906058722,-1.712028472770311,-0.2306256895077353,-0.3431529640708791,0.0445572814325982,-0.10271727308241657
-1.205150116102758,0.5123401968087445,-0.6425276216636514,0.3065779179481982,-0.8831738804519725,0.6854036663083575,0.33793327888345914,-0.09273909439002843,0.6611493720521817,-0.1735068810175524
2.6455488122349875,2.3013914204446566,1.946989110205026,0.42293400354355337,-0.30255535368411196,-0.4334847313164212,-0.1411891486519149,0.2555955435412187,-0.4895980249875032,0.7469201073740017
0.3198260226273996,2.3029492627530583,-1.5649564748551592,-0.0469109982626174,-0.0562324422318397,-0.7555176413177292,0.03732065157922479,0.2498638357763954,-0.5114225594257354,-0.8456395369620175
-2.1675791064885708,0.10672511921493195,1.1491663745597043,0.8740163116000883,0.19551614176917936,-0.21174745399659356,0.9908776654068245,-0.14312539998572685,1.0441021222839308,-0.38194154486600634
-1.270605213892583,0.12067170606805304,1.1129919416993654,-0.4681621304597685,2.1541343012555854,-0.1689191905414681,-0.8409691812110732,0.05135481368406123,-0.5095823181316316,0.54212653898329
1.596561646740165,-2.760709128165234,0.2289355336117754,-1.3787616818899215,-0.11923447559917937,0.6885722489017864,1.219357861181448,0.5746149874017635,-0.4527811205268921,-0.4612116053830422
-2.3893172363863275,-1.672600327348392,-1.7475255302259227,-0.7637087956817811,-0.5573841282613791,0.06374445877710902,0.2772931353412416,-0.4176298215666401,0.3709174537050864,0.1487849878156774
0.5449781613386715,-1.0865339367451101,-0.17353902362496967,0.325187225163511,2.24912829982735,-0.5838308106402613,-0.543870429877966,0.18605070062761758,0.9205395935413228,-0.022067649166662717
1.589615219835857,0.4475210644975194,0.38203930927269275,-0.7024084530879935,0.09173185961142717,0.8321467036047901,-1.4252205960328,0.7233564198197916,0.3015575788637803,0.23984588266416737
-1.9013880654614055,-0.6549908473770639,-0.8819820687439892,1.343598736331009,0.6735630821314772,0.13169489542306284,-0.6701392137690358,0.8779497483407203,0.5344131927679392,0.2287795838376445
3.457569388862382,0.2097852168663353,-0.4578569648012817,-1.3305877252028138,-0.052594269567571725,-0.5389682897090419,1.352070005896878,-0.810472523126776,0.7037464258601406,0.10793525741344848
1.5224712669069231,-1.196569797322344,-0.02134758926264746,0.18149510781811962,0.5303065486537419,0.7654240552795549,-0.46220760977862596,-0.29438087686708053,-0.1044301774572383,-1.2070117454768687
-3.249766233431227,-0.4026750234552652,-1.1786860109663262,-0.031015389450749775,-0.4377193307904716,0.5311294706132661,-1.0392071778673557,0.8228722299107216,0.3638197333431022,-0.15680819776202792
1.4207967727394548,1.238324168353096,0.6305995947110046,0.023729502324953074,0.845524169629008,-0.6248385134171407,-0.7194491508523895,0.002762922557274829,-0.4694494344196275,0.10658782985245757
-1.714836113868951,0.2013291829648774,0.2082063738440192,1.4646252158812334,-0.6965952456810353,1.1825548368214354,-0.4894850879367169,-0.28430585266313846,0.21173567858637218,0.6603824822960198
2.0974708435252682,0.1346419505780683,-0.9722116253463136,-1.2938960585627435,-1.1680830383346128,-0.19728313065594671,0.08092581585235069,0.274795572838415,-0.675754300154106,-0.5018961581200717
-2.220370285599001,-0.9928315574509529,-0.2715595861238485,-0.5543291054511033,1.0730975103541962,0.35338905344410104,0.8297757891490888,0.5165404978219714,0.4483950955065983,0.4912808113599151
-0.8535823207348165,0.7706769993385165,0.29283003093980636,-0.7953068063069552,-0.645706783964215,0.8822197073226553,0.3877862265547424,0.8613423212334074,0.6832043960078908,-0.22930127506817818
1.1187944861332761,0.0262612802419691,0.40351490483793045,0.4024456397789695,-0.08433089559486132,-0.34976579225333654,-0.8147064467995714,0.008764525980351972,-0.07822420754901109,-0.7086583311148296
1.9623879395021826,-0.05902654074779901,0.4902115453111319,-1.1596596430311459,0.3011484780346327,0.05069609405644857,0.12841196319211673,-0.4576552124852358,-0.40989137192222747,-0.8314764881807303
-0.7205044228544346,0.6994991413106847,0.09189983833322071,-0.45149410238542415,-0.5806253975410856,0.5362752214170838,-0.1622219891636477,1.1145942608601347,-0.8040660670750931,-0.9744102777800564
-0.9124900900352663,1.0790934654309043,-1.0535089724566424,-1.030383260737861,0.4207763137874181,1.454987308068127,0.46953301623128746,0.9634137810227675,0.3171933605395334,0.4411388370764365
0.12143375051172461,0.04328210816115047,0.32701679381641136,1.1758725073117087,0.7394749677711017,-0.20679935844378916,-2.30424980420383,0.03463837409872763,0.15816316810031145,0.18402937207516104
-0.40028376567463275,2.1984282015796666,-0.48401486851117603,0.917180393202525,1.1258529081445159,0.03625224797562098,-0.35934000278686684,0.5173028358227861,-0.025875034487616615,0.512305398675774
3.851940751162735,-0.5652005364367334,-0.19248948132221566,-0.10324930033469552,-2.2100048246253903,0.5304777273817411,0.6127066184392701,-0.2063847162118133,0.7123818786610336,-0.13031883049278525
1.0915812222733172,1.329923557541799,-0.7803118504683331,1.089737980725552,-0.6518654640906019,0.2552205155501692,-0.5113844976133853,-0.04825938295132112,0.38728019832547916,-0.577075851017849
-2.47747131905448,-0.2001786501279132,0.5302581005743564,0.6169752017344728,0.5063449705088771,0.7848202257869374,0.011721616541556809,0.2434926756577205,-1.012070182671052,-0.2036917712752745
0.9920125318721118,-0.06592924346025589,0.5147157927805807,0.23704237437166198,0.360157302840485,0.4117081025790654,0.7621660197242561,-0.43644979806376655,0.03471523895533098,0.4536317438351082
3.713244499574183,-0.35873475860361037,0.07848010829216585,0.6438080852073307,-0.02017325160283732,0.8486053828206164,-0.1071503004321974,-0.849351194272578,0.3714841453568796,0.05387744800845597
1.1994370444888502,-0.4345182536949857,-0.3202990323397799,0.6846703487344942,0.35193211299440524,0.5308839924557759,0.02218312525404022,-0.09450037820537766,0.12113292465887944,-0.23068061689429753
-3.4653845811302997,2.3326240152812834,-1.2169454730644536,-0.14684350867384424,-0.42530775517170666,0.8485295754948311,0.11666184694529802,1.0147812446132387,0.19635974095805914,-0.3382805857134023
-0.2771928225283873,-0.12187896894131603,0.33879935860907473,0.21806121674134676,1.5625750419307012,-0.6983560189304964,0.5670219910941461,0.5251716892960554,-0.31657536363522465,-0.8600739530233737
2.396926017184507,1.4569198193198323,0.30979362986254494,0.2344358069565513,0.17816647237404082,-1.1518394707437685,1.1652527057864834,-1.1566072186064662,-0.2115644256037202,-0.07722803826286029
-1.5032078585787114,0.12120635768335886,1.7042049039008569,-1.103717202137624,0.3101528045855917,-0.2987658240376525,1.0787661769173114,0.833621938924346,0.1586914127841088,-0.1792117691370798
1.7002367362787938,0.3018706672615638,2.2460090488862097,0.3796296411688844,0.8112281927738656,0.5912842256439887,1.0331725085986612,0.5655875028936439,1.2034218688981009,-0.0004213290994706346
0.9848764449647122,0.4685651009326847,-0.9701586229021988,-0.4369338041591741,0.6180039415735138,-0.8529136289024039,-0.7171017247894962,-0.10505950626632073,0.12674779615881718,-0.00722921143480295
-1.9169144477866715,-0.20412480346980483,-0.7667601840363399,-0.676804376038826,-0.026663423840632236,-0.3909304983447006,-0.5477725154220553,-0.2579572322717808,0.7750920567082729,-0.3123177089334812
-0.9830940149234312,-0.18609676129394975,-1.0625069679503445,-0.932703776785767,0.05876120970807549,0.885255594155022,-0.5205285596995539,-0.7092857162231991,0.7920924722617249,-0.15011103418020877
-8.636842736751772,-1.976274825274169,1.170825664124761,-1.1430652311343614,-1.214249278797743,-0.186154364946173,0.6886400176726537,-0.06813567538908118,0.3797177079890336,0.04702573677527783
-1.038645444732388,-1.7446423940895088,1.0451730764975768,0.34366349409437286,0.7527236051491037,-0.30008155891211724,0.23099609288170322,-1.127241013243497,-1.5579216528824245,0.0009555807583819801
-0.930839329242223,-1.6478744888617818,-0.8722721827807411,0.22710861757136025,-1.0056313486915072,-0.18956842472857952,0.43446400038101374,-0.853391841372737,-0.08915227233561751,0.7251447156728869
-2.143243175313594,-0.32173583776404424,-0.6180857312799475,-0.9786916923266352,0.10859459716213851,0.17653980361066557,-0.926019586446522,-0.5154269685794138,-0.9137695503392913,-0.48774998560064964
3.7343391503909777,-0.023390225324395653,-0.6419914718330169,-1.1083967699742057,-0.12409803028947394,0.4501751340538439,0.07895279127075634,-0.2344845473626936,-0.08504941877788813,0.3127547318795488
-1.6554801928773195,-0.6539760406267556,0.021289666740488246,0.11063111671097195,0.20963862496138455,0.23926045927485812,-1.0955335083199567,-0.7572056808239263,0.29416217395728034,-0.6780196185823928
-1.444679494022504,-0.22862012481483535,-0.19194430539521476,1.2792733386692168,0.39226730866641774,0.01005110421722345,-0.22065847103616273,0.8130531330653904,-0.31752893319216674,0.3453942387430287
0.35230258914455725,0.5691521102572215,0.08673201135833221,1.0781532037980948,-1.5432272044509352,-1.4746685658224747,-0.39813976282332747,0.0050480819164968925,-0.884513018687011,-1.358952891741809
2.5690626471047295,0.6849967934668357,1.0308494337986822,-0.4202862409062007,1.3570585482229338,-0.6609824479474172,0.2972803385851298,-0.43920020550731376,0.7539807226180528,-0.28207530479112286
-3.449169935048562,-0.14415243444415418,0.2115264520855088,-1.8316574902708407,0.17577199029250923,-0.8919583194204069,-1.810243590508134,0.32269929967059724,-0.6041935984762342,0.415216161008181
2.550256937503074,1.1790060004998832,0.3661482478963376,-0.20335660792798235,-1.6985249655633394,0.39380724153814267,0.3302786125547241,0.7472360776369309,0.3185057611999145,-0.27689132055145127
0.5848509264054815,-0.13362229309279758,-0.7043536609941559,0.5055756275357736,-0.9893274771064436,2.0700290101612517,-0.4881326936176894,0.08599599685120111,-0.643022308324756,0.26543244060288895
-2.582783454384664,-0.6899101091563163,0.7155944905294849,-1.5951833774962403,0.1843312313798385,-1.019952708124867,-0.9903618825588372,0.9931363265315937,0.5531973233187897,-0.28553782828548774
0.47135325980485254,1.5062542311350036,-0.2227877621218588,-0.25428167599820717,-0.40712412236889206,0.13536060067532943,0.44645484275827096,-1.3092056079555046,0.2583427706316424,-0.803448204917073
-0.46853194925181324,-1.443238883146756,-0.6667804273721776,0.913921253066004,-1.7015597700947314,0.3310178432317807,-0.5969630326636679,0.18125657001140025,-0.2060384709675957,-0.862486209866913
-1.9803748926444158,-0.14269680222643782,0.7335147402571797,-1.6474027164254512,0.7952792430039762,-0.1759296087445576,1.0313881282947508,-0.03475520742261024,-0.4733738692856965,0.4699856224047326
-0.38788981814539436,0.1737099118204248,-0.5135498655248518,0.597026027592306,0.3699265309564363,-0.07317392567955462,-0.8783527158675407,0.6512666371848834,0.5402151519088909,0.5037056714879868
-0.7660888962211834,0.28087322444615637,0.825863508425964,-1.4610640397549575,1.7020074480025593,0.8472847810360802,-0.3909162777930362,0.35460686950309644,0.3808845074890518,-0.08067064074856611
-0.6409509083313408,-0.3091005007260323,0.11909197804798544,0.6786606569726211,-0.8145744957542066,0.06263568876496728,0.49927272933477473,-0.3894491125882142,-0.4699860801290303,0.44579564924199666
2.542539583660625,1.2114688951946824,0.49027630642965725,-1.960844091684731,-1.5382253530778078,-0.4264014121762145,-0.37772775413377885,-0.012544964794690576,-0.7129153978692316,-0.12197360055663366
3.026194389216236,0.9144029650347753,0.3999711386645838,0.7769513319562671,-0.06863015037984667,0.49407585018096284,-0.4695395624880874,-1.4365788005976199,0.5745629254109532,0.17119913389885708
-2.925444883658256,0.2406000324151552,-0.12936448751192267,-1.4217462892309587,-0.7311276636145199,-0.4743949586475931,0.1826475973139199,-0.20426675921380907,-1.1668062662673564,1.0361547218063007
5.338100969809226,0.4162046738676372,0.4416399733689909,-1.0397686576250835,-1.1072056548549074,-0.25411650742681297,0.4159647245741995,0.8593388301393019,-0.564272930979979,0.2527816143544937
-5.109864505885998,-0.056491415267022616,-0.3099842351067101,0.0571497895862567,0.9859580466843896,-1.2977506452581191,1.0967347880740002,-0.6414301601506889,0.37642872777521363,0.14083841792719753
0.10947661247891927,-0.8404404124904,0.14510214525226103,-0.7780555037366813,0.13196193769718617,1.0181144646116913,0.407063747354249,-0.11090972880449267,-0.15978134224608376,-0.6189684160694823
1.0025592370904277,-1.2832056278406931,-1.1495087507396313,-0.027150003191858535,-0.4289817294618862,-1.2939219757338976,-0.8333464924863495,-0.9336838033530525,0.4248854195069729,0.48348472069498494
0.47528475403926784,-0.4410573091732265,1.8282283583871797,0.8836571516208879,0.8494210550111598,0.32222369233549947,-0.25097262859493175,-0.33437444110451153,0.07244128262617307,-0.6626293043309687
-3.103815121268251,-0.05784563592270784,-0.2062694500169611,0.9897743269510433,-0.5863221737503831,0.04576247999328928,-0.913887180809157,-0.9421956202219915,1.2651503014080525,0.10555129159828985
-1.29414832758396,-0.3755509892020712,-0.9519948128144706,-0.3878791764493113,-0.5902470734742856,0.3853173506522146,0.8344097088714398,0.004331286425566718,1.2364988615832797,0.05707174313670449
-1.881557897741057,0.07479338279551213,-0.35746643412732315,-0.7594587634733168,-1.0052936348284982,-0.6343641969169019,-0.36323260581419303,-0.18581775678988013,0.5542006257668458,0.3779315015461591
-1.1623797774682576,-0.4839679581190238,-1.2013657845301413,0.6017965269152561,-0.721671260746206,0.3944329979766279,0.04958921702814787,-1.2940927421721085,0.11871126071578175,-0.5901863282812909
2.0086396535910644,-0.7812107769013273,-1.140129977774798,-0.4969619420283041,-0.9563494605891963,1.297576774648147,1.774500349816551,1.3176037977501904,0.4303098448802535,0.35173165433672027
0.6517862919879306,0.26059183096024774,0.311432722385149,-0.2616236013575884,-1.2887323349353703,0.13206956994539362,-0.7031076351632259,0.8597031748251082,-0.15853711210266055,-0.4890733755466657
0.3500483408511615,-1.6063198387771451,0.20922300927986887,0.8846382227165182,0.17204865374524667,-0.49297809890509564,-0.17566731726340631,0.2900400740611168,-0.5317792885172804,-0.4833669677136594
1.6928320769363576,-0.7962863765471618,-1.5684040893586655,-0.8385037620692358,-0.03522853765614633,-0.3783830467911863,0.417531535158981,1.2233731189908308,-0.41770012773552717,0.15400388059344328
0.36642037084584184,-2.2778676320753752,0.8737510257992092,-0.24477599344854448,-0.9964977993294165,-0.7990155174991579,-0.5605141538728793,-0.5311946807080801,0.6489047041993468,0.325614916591593
2.3262994886240063,1.868855665709184,-1.0419980012208716,-1.199407827626306,-1.396144816396792,0.1772264541082212,-1.3401896229988088,-0.5431486915593459,-0.06711026894610918,-0.46326285744694157
1.5354279775153943,0.653316743639597,0.43732969511160347,0.7751930757335969,-0.24122412388515807,-1.6499401926822337,-0.23852954685806624,0.4602152320949526,0.03382041114706979,-0.4795937655954249
-0.7770452438910229,-0.9990648636878037,-0.7513998728312817,-0.8896002406170406,-0.020743110907199557,0.062304426357974424,-0.8741702177035646,-0.8178744943877398,-0.21376409356764403,-0.823969434308011
-0.8831798997901492,-1.4389331447471745,0.14499610806774882,-0.14976642055174755,-0.6521718665028319,-0.03677055375782963,0.4063251353741333,-0.020966093413072092,-0.6524118035077935,-0.37558089457133614
1.3439396798305858,0.17781313409949293,1.0045129908589643,-1.332230311085904,-1.5005919500683491,0.07868202631790998,-0.8303764632109308,-1.3606462756393503,-0.05718192449411154,0.1443884582576099
0.7547947103819128,-1.7002787510536002,1.3599317013001122,1.75106623709575,-0.4299627479725263,0.21511183221907618,0.20617616441474054,0.8597893471717072,-0.025184429338975096,0.06083962785883857
0.3202648713611699,0.5309398581513673,1.3674196816627537,-0.0466299188386449,1.1636627064766953,1.2701284484993867,-0.5385512836396928,-0.07394206371605537,-1.0263356927647378,-0.23970735777129373
0.8455233521879566,0.5373386219003174,0.45494525703929645,-0.8719326310319547,0.05477500723309363,-0.021791133855397677,1.9132021575373444,0.43384728006637874,0.11303840798350895,-0.3546769776675649
3.2074729645035136,-1.0564589943715246,-0.04584554371148159,-0.7806162187307992,0.6971587829452054,1.264962856802512,-1.276310336075427,-0.767318523444469,0.35200489461402196,-0.6984199634178461
-0.8260295604327935,-0.9890928115535215,0.5329250334805635,0.8228955715638849,1.1278170822941922,0.5337853041498866,-0.7334272814293291,1.6614466603840155,-0.38077065357435264,-0.05585194402107555
1.7223540149745766,-1.661404129253535,-0.8378851407983094,-0.10362104005149572,-1.2059081919798542,0.6017617589732478,-0.7298645113575878,-0.9953154523778885,-0.2851815679953329,-0.35516438790516286
-0.31757375957302103,-0.471915660998021,0.2668589818447301,-0.2335237147157022,-0.28719825915651964,-0.3001819371565269,0.6483505640600292,0.034378186751452045,0.41596873289764524,0.4586587571972607
-2.06424207545227,-0.4110412229934567,1.3607212382500615,-0.4363001090756832,0.3922733001553758,-0.32830948924777603,0.42839900799258407,-1.8645983903981922,-0.19540789685289847,-0.8635281819628768
2.289865618543121,-1.7081216743807235,0.6565986217695294,0.06511052010212934,-1.4411049627159653,-0.4860811996458037,0.31452440727265685,1.1656587389006228,0.24401519288283938,0.06381630651095505
2.543860700056292,0.7192892832806835,-0.9805367565083638,1.5443663499222058,-0.11545517440326895,-0.7311297692075712,-0.9660256607272287,0.529625350664286,0.39523439313444897,-0.7065889383239384
1.3502700038361777,-0.842481364376515,-0.30420122272994654,-1.1291935444299643,1.7920165208244074,-0.5808819215074287,0.0011318109973954432,0.4590990195308777,0.8110541025535399,0.00839388850143169
3.2048918457365225,0.694395411820948,-0.000997851298869322,0.26305140242782865,0.11659614957451538,-0.15546369987946737,0.23035135382879135,0.661822243901662,1.980128908423948,0.16400837589842693
0.5499901395047103,-0.2819955784316562,0.62675666442943,-0.868605562038833,0.002425946871445238,1.6347290503105416,0.97631783560317,0.9418305282192179,-0.6447552614276263,0.13471834373388605
1.012099968948759,0.25570402150976024,1.0954601554118786,-0.3384622139028437,-1.3536026123313551,-0.4631882883166901,0.399266502080391,-0.08630156314689441,-0.9072218943646341,0.4488129677138795
1.1791220042882675,0.8833786456136129,-0.9333760410881747,-0.2596436586633328,1.157996518291413,0.31221478645207335,-0.4379261342646054,0.055358515879250204,-0.22037900379313372,0.07802002210030344
0.5835713350993745,-0.2905645931988363,0.5535604723393126,-0.08727055524046347,0.07398951233636362,-0.22964280731679343,-1.4359715114688807,1.2025492569205969,-0.2676408649751146,-0.07136188572918832
-1.3674089127420817,-0.8318154288122717,1.282492262060716,0.06429208823792949,-1.5571423939394886,0.0635124354050634,1.115393336799025,-1.1361616505317806,-0.843276052047733,-0.2040221253117612
0.7674298184602276,1.9480486144001943,-0.26679171832859827,1.1439870057166484,-0.8960981114590223,-0.6940412442673365,-0.9196048348811248,0.9092468170642403,0.5691529814692985,-0.17156922812931258
0.25291198579037383,0.04226126437469434,-0.11752345840458653,0.29068979142101314,-0.08982884827128786,0.29940057456843383,0.6688603772478346,0.1639782237832886,0.3223926163650431,0.4164524991791544
-2.2368174089106656,-1.3369462909480387,2.0844705207482446,-0.47763737834646763,-0.12273740025424448,1.4330713800029342,-0.31365366032830627,0.11935894680776339,0.46887308699048197,-0.9505446379730628
4.478895240358844,1.126540833500129,1.4906583452682458,0.07632260004416534,0.5158560673238608,-1.187137015991243,0.4390869385826913,-0.590046884657693,-0.9340739464357667,0.29074244353870426
-2.2975851887523215,0.29479573759183386,0.9587447902429599,1.1020439444801509,-0.3325176150659778,0.3735412022720612,-0.4548468868147776,0.5977608485104715,0.5192342897378032,0.07855200524561781
-2.1364473730057076,0.28849301163983915,0.8336667119983374,1.5297044023407682,0.9908425775542592,0.4727590370870262,1.1147722273472065,0.19621966661341697,-0.21019617458897144,-0.4526909124701285
1.4981393967070695,-1.8379421040276964,1.2709481806870575,1.18129821668554,-0.3292232191099992,-1.9444290871333072,-0.4997821009991926,-0.1793093194715368,1.4738458914147152,-0.07341739382988673
2.421040109071003,1.828060117410898,-1.2913250794818332,1.3942960964762592,1.2459759907610901,-0.6583395749407455,-0.16181480054132416,-0.8387351850774051,-0.9474045900347106,0.870265073602256
1.84474946468894,1.6757625964529155,-0.4619249797752915,0.12072626511996577,0.8550479257229161,0.0531418202076729,0.31508852673523907,0.27833650697353196,-0.38314387143536516,-0.42233530028178035
1.2908390007740664,-1.3672633450765137,1.751543156630837,-0.4221344923729766,-1.6949137238955665,-0.75028169645701,-0.6371180160502966,0.6306333049010285,-0.33391527422693157,0.9135450813400123
-0.3601351596881225,0.1542697809523675,0.881943819619939,0.229646913998788,0.37374318843666837,-1.2536723535811944,-1.7234039235601981,-0.6978335651353369,0.596308330446843,0.072160445482858
-1.3169734368824466,0.5403306624573188,-0.3864363500959494,-0.6619153530424198,-1.2953925945081308,0.530576284989286,0.3702583591758253,0.06660986031829261,-0.06669768427127283,0.37377196348161373
0.056631785589697795,1.0729315834877848,-1.230566908616395,2.298460087638263,0.012421903801543063,0.0016866030820749495,0.9105218964083353,1.0702519025057848,-0.18336415704123382,-0.12468418938845559
-0.40434872917694314,0.5122087979672112,-0.7431316039106037,1.1804015846445464,1.1263947860212629,-0.04604562176110158,1.3979415971896565,0.2734601585924165,-0.42580803259591854,-1.0926887249955664
2.216795791391481,-1.0057988210707143,-0.1333755375946847,-0.19021284528675977,0.8959621893084246,-0.728419565132232,1.0949836992944344,1.0556473954262007,0.07068030816591098,0.2950014481049092
-0.28185208306520754,-0.21823679622625208,-0.5312209338842342,0.251773207032339,0.3558934374298672,-0.7743260118625872,-0.3703189755199014,-0.2186364648478169,-0.6092356678818085,0.6315084217463606
-1.9846625082564404,-0.2926718238580864,-1.2332899452852664,-1.5076052293110898,1.337399834747327,-0.011992893708381675,-0.9274992113747021,-0.41793886306862565,1.0961894990689887,-0.19535484288987387
-0.8834846917826447,-0.6806610560077675,-0.14131674884801076,0.8581999404466248,0.20213664455049346,-0.7830774983361047,-0.6807380005787942,-0.013696679420813953,-0.48431271296776573,0.5678614781204189
0.07442699320214285,-0.3920269958644373,-0.09283083434637544,-0.4617397599572756,-0.4781598247568555,0.338021755357848,-0.15146463264551802,-0.13423749347489808,0.5700927080558418,0.4659539412243026
-0.8221360858876702,0.8049679853260182,0.012403309945269145,0.42223575709979866,0.16806136203276298,-0.02090064666742205,0.5721921467288855,-0.1647296448023211,0.18166858790755583,-0.24201390933723962
-1.5096030060483716,-0.7903034016829915,-0.08010904666863644,-0.8702518551832163,0.8986381219756822,1.3474923227093605,-0.8569288394032185,1.1315402991597916,0.032105021562648564,-0.7313120787476286
1.0761023446101554,0.764957273457798,-0.07434451303428097,0.26479802667209706,-0.7498259938240918,0.16220139455592242,-1.2024273417025169,-0.3197838584622638,0.24159938407853304,0.21013024451500995
0.6845635335689986,-0.49233227635951554,0.33695741630313125,-1.022310253814031,0.20709824221116696,-0.8340270101217134,-0.2922168506953324,0.6579260429844729,0.7136488172020871,-0.2504022202143356
0.6497187774367739,1.6799522696709626,1.2295319817112604,-0.14283695216852912,-0.12334838984649633,-0.24325072017269847,-0.5804143785223776,1.1210041260465753,0.42393712908824843,-0.42289094778947894
-0.7952976679058648,0.9149643339431269,-1.1460538824235666,0.7386084635165986,-0.334255272687982,0.16707713161365437,0.13313858751336463,-0.8879389368721002,0.5621688056817219,-0.1878719150676871
-0.11653621698807923,-0.5865789806586929,0.3943573490329308,-0.6000155055925112,1.9154960003429593,0.22349455525511305,1.314526367563683,-0.42648530160298403,0.28823328329943154,0.5012491373796729
-2.441563202587421,3.3564793301312696,1.3057310209362174,0.2798982553282544,-0.5577382313578341,1.2793832444060929,-0.37023874799503914,-1.2022227569842727,0.38273993075532814,0.8851974038034061
-3.750606840422585,0.638702877021082,0.9600487155090269,1.3575946440156346,0.6586683572804262,-1.313994676979483,-1.2920913187048795,-0.7848942757109968,0.4019110205325328,0.6681551774059103
-2.280609046704503,0.30574517322902095,-0.130292101623565,-0.05380047786875978,-0.7404919615304746,-1.0868797894463638,0.6392850967981398,0.21262110172739357,-0.054232297036048274,0.16018861736031112
-1.3574525508459732,-0.6391579433028183,-1.2177348891466875,0.4271694448163383,-0.17716638118965705,-1.1706427876618253,1.7399595348767427,0.7720482269693971,1.1395325974065016,-0.06204103705195112
1.186865938045523,-0.11722209774078235,0.10610771608770311,0.058065860101312254,-0.19201489376596304,-0.4002139657843915,-0.6791505709907364,-0.3642306287142653,0.5159984600075486,0.6478683731514003
2.5428379854261607,-0.687575805569522,-0.029295336921218034,1.1472942147140044,-0.9983705550121139,-0.0019874865918366475,0.7918115953101458,-1.2803548898842223,0.5303484667412648,0.32926076164369555
0.04162039441861344,-0.6340216251641894,-1.2016060929203054,0.3858928844891085,0.871254105667487,0.07664534246739191,-0.09802462618366807,-0.4167686050209386,-0.504036192631474,0.2915491966546621
-0.06438156811843301,-0.22712725512725312,0.25428128899613706,0.10948498218725174,0.05137442301816608,1.1625382071366974,-0.27774238496691595,0.32108674395426295,-0.021862088388833825,-0.3999335016930857
-1.500550194422763,-0.8766283852820393,1.1723896391840882,-0.5407517081744987,-0.13009774852477635,-0.9078531740526741,-0.03159346741749972,-0.7612210424073068,-0.18764926015280037,0.5235332504985292
-3.130960723927249,0.1014596799709122,-0.17282889931276707,-1.1024333377952467,-0.9509735785051032,0.7275779988752082,-0.173997745033107,0.4510571517575695,0.8121798011680221,-0.4726270318942498
-0.46321097693210916,0.14349215081761116,0.015608849626213393,0.050681333858190625,-0.5539939006943522,-1.1059386434387857,0.4017504684408473,-0.48179781740953626,-0.4616229059433788,0.0023732550060499074
-0.8909384253286249,-0.8709651194884951,-0.2961401819291963,0.19267117333041422,-0.01373622025660011,0.6926858472538212,1.6542604883458978,-0.014369964165871834,0.4207764386704427,-0.05769692691286818
0.831492435388875,0.7565542821303946,1.199832917233533,-0.21258219355600028,1.7697148473930902,-0.017876082552981808,0.4390458722307523,0.1061949437011631,-0.8184779891478977,0.24920488753079648
-2.12824972589427,1.482686511303287,0.8667347479740826,0.10905219270857001,0.05872755701515716,-0.4984771116549652,1.1465175015564528,0.5347431284353004,-0.19529422811151692,-0.09653032161417757
0.1448834785773336,-1.1296923173033486,-0.36957346525063484,0.13340894138814932,0.1303205402747944,-0.30190372654037473,0.4237951831152163,0.05454499790182128,0.059700710006337594,0.5770288505418597
2.8981804603511327,0.1862049828925857,0.22844022577637954,-1.402739934319344,-0.06279447639481317,0.7674151175860369,0.7900058250689225,-1.45189818147303,-0.07313522011441377,0.7385990957132451
-0.9167392771898335,1.0871090181917105,0.5173388400383189,0.18989082042243316,0.08220354850342226,0.4052925046044546,-0.7722233676940508,-1.0375505311144793,-0.3116619246528098,0.5528825381626784
0.34361169751602794,-0.534189112782946,-1.8660668954987443,0.6335507239995415,0.1256474466389203,0.9397715561600614,0.8463370663449085,-1.4079094518191335,-0.17771760945070486,-0.1449165098211248
2.3050722674305475,0.8295120356282087,0.8834246280181695,-0.5503682780318875,1.4662084010616176,0.3133027224975481,0.5925883575872597,0.8344683271922775,-0.04583359232868758,0.07916868292343113
-1.5512707938168993,1.0484912304817442,1.2753585753074412,-0.8885907389794798,-0.7245869499396905,-0.11317246402615926,1.337479392154941,0.40152941815618176,-0.033603477126682456,-0.47669856470568095
0.5804836318017689,0.5728410954441583,-0.20922668440689313,1.5587014856881178,0.0529886973474427,0.8872958771912042,0.42706916980763915,-0.6520325697053115,0.7343417267208943,-0.11902864349572766
0.9606015396573334,1.2871929097332162,-0.16731224429771713,0.15772381375687783,-0.7145587930120489,-0.0834388317832081,-0.46257994652180556,0.6769788902158989,-0.7625998427808076,0.3279337005038796
-0.4656341947358679,2.270175217856639,0.32154317781248265,0.4113623173951093,0.04320393107035275,0.5476613441542745,0.6821843799447893,-0.9754466746156463,-0.35062006869422163,-0.3943754900964839
-1.4143162913493017,-0.08070920869470292,1.2418015730343224,1.0379629831487407,-0.3627783144621156,-0.7978482178307799,0.6185992884242678,1.319710118886114,-0.1592781643582046,0.11880316845102049
0.5385847442358905,0.7421197272836243,-0.8960994703681138,-1.054321300625214,-1.1412691494593867,-0.4775100007798294,0.21530107792495912,0.022767184858679464,0.22901452197392946,-0.3296806539561
1.471250002598914,-0.85671669694414,0.7059534126667595,-0.7789442518042229,0.40354908554412355,0.6923431247017319,0.020227584485038263,0.12954714650780788,0.38916791564785785,-1.2659065483885084
3.880952162106918,1.6962793720051401,-0.41332191537421487,1.4671463274147503,0.05717469763369504,-0.1774854885938487,1.6459920574392262,1.7457504655654321,0.5490667237874574,0.36401194494052885
0.9107192918923094,-0.24845694842091318,1.1617621188030618,-1.4532716747853547,-1.5258773911065633,-0.8499258089799402,0.08565628767678796,-1.064391282091642,1.2071208188496843,-0.33945729603809716
4.161208875607512,-1.6614127535744705,-1.0648316954357282,-0.7076604959577741,-1.0456071079740912,-0.5587674024027165,1.042352820672852,-0.6172133708036793,0.36535982279557994,-0.44012495966026444
-2.714119361801638,-2.3259725641573064,-1.1352110021387596,0.38051113330284575,0.3228425841767208,0.12992006784601484,-0.3560380652115541,-0.2987325154751588,0.1429133499753063,0.0020406219187255356
1.4647177415219048,-1.1246146625700952,0.41606292082891455,1.7656873027597806,-0.6520182237872942,0.18007729478088785,-1.4086567027797143,-0.8152158579688101,0.5189069676376321,0.35125898287158647
-0.261876902971953,-0.8013158161757444,0.2628011934581326,0.872971076781992,0.5401189802405009,1.6792500791279177,1.0994770584160494,-1.8892530429957657,0.5586362358442993,-0.5548716736259867
4.315089963045828,0.9658131686645138,-0.18298266877853156,-0.08995514428666916,0.23098117661414472,-0.721789223470605,-1.0199642023249462,-0.5117559940927129,0.5503574825275964,0.0412721995781384
-1.1596623116442297,0.1883121769924347,0.6572826928919976,-0.6952308261729354,-0.7659004068404036,0.13998195429965807,0.477883896474709,0.07032585013263432,0.02118053974374377,1.1102857146012988
-1.5574799293681925,0.9759419158417695,0.9896643228628841,0.3005955439369274,-1.042699692984943,0.2895711190108348,-0.5811522862018722,-0.17613286540133022,0.9501049744619808,-0.011458328400801557
-1.6473779500324572,-0.3512649334132566,0.3644747412368427,0.20325166957882126,-0.2181030322641926,1.0658012024738255,-1.0167123105735862,-0.6429701607456488,-0.18303023342426544,0.4704366542688413
-4.733045171518383,0.22603401892650768,0.06117426125920649,1.1592531905846606,1.7372768260048337,0.54233765442549,0.798085483172864,0.7511185705307879,-0.5549289534231597,-0.8317251146459155
-0.7310306195375289,1.454768203709107,-0.22566659906214612,-1.1637201616617336,0.510162106524929,-0.6484526001473081,-0.209128243810555,0.5505132070964165,0.8469584784310848,-0.12373039529351798
-1.4800714105284438,-0.4390945054011445,1.0794433465868984,-1.130223094344004,0.005370232748530354,-0.5233760444406932,0.24890735854272544,0.9431572483711289,-0.5221409866182707,-0.18103527034683564
0.9538423383021618,-0.15573826128128218,0.020116339015403283,1.2843518658012507,1.7589539273031893,0.5975866603292214,0.6447025624237266,0.46777682779694013,-0.111893665450784,0.32878932855839527
-0.1148435805722569,0.0691714993090058,0.08075640074499502,-0.02277638932149922,0.2974030839921646,-0.9228572243337507,0.26181167488087514,1.0570024918161907,-0.09570800845097398,-0.4423982400159775
4.677511395614134,-1.3050793534133982,-0.7083018017048869,-0.6105688453190445,-0.4852579689098653,0.2424544120464591,-0.10283417381044849,0.7939068334269896,-0.37996150232865794,0.8844861531473188
1.838159344381123,0.7818420135207331,-0.8070923269099928,0.28806581722549307,-1.6321387548796757,0.22774451558178893,0.35825222008764707,0.9826657281603576,1.2599789831701176,0.2310458505857727
-1.0259412596673405,1.2028664167781835,-0.5072879330766026,-0.20685545491995236,0.6362818670553759,0.2990558772479148,-0.10999550429980559,0.22125769916884477,-0.18139819709589572,0.09932026901554594
-2.359199569082527,1.0893414946312832,0.1868958253006559,0.11096690476028859,0.12817787496973623,0.8168129701557502,0.5814735731587437,-0.6560275164682078,-0.505291123944791,-0.011346938685181386
0.23285675959394617,0.0366578787151099,0.18931790840585525,-0.9254184324669222,0.3617645874082241,-0.6171400716325924,0.9652606538929576,-0.7711740532460551,0.34789352212435065,-0.19913723157981952
-2.7717670211546688,-0.07781604292290413,0.4865358497702355,0.3221879932778738,-0.08978525686402046,0.0927686697398559,0.27009056050589825,-0.8763679202048437,0.9053728705503687,-0.40377943135369704
3.1207156394277527,1.8015743303667846,1.7795275286370895,0.4227771956936396,-1.1042747677646976,1.4944500981906004,1.6744342480662404,0.2195458317604077,-0.26945312957517603,0.05217460475415174
1.0663559058040986,0.31557855047172495,1.0811614312445537,0.22274297790910827,0.5624423010227222,1.114810942991244,-0.9840446581542995,0.027425028275490978,-0.9128588027493257,0.41011635461572477
-2.166918059991148,0.79603580214723,0.8607529439738159,0.4740010223710629,0.8010120147692436,-0.02919416616190834,0.9260012337575997,0.047954862539203995,-0.8542115543475806,-0.8556169016307
-4.0488726741034755,1.5029138514672953,1.5231078370587932,-1.7751318004949461,-1.3525705627698161,-1.7246956514904062,0.2749623135427686,0.27507148112636925,0.0066575627841928475,-0.07468059725855439
2.4174250969226665,1.4945097740734958,0.7888523609296757,-1.7624476579963768,-1.5613192307740242,-0.10110407622573647,0.03126215044040203,0.2991294727779056,0.662220398293906,0.5307104391133276
-0.3702571459585878,1.1246352822093075,0.5777640641819437,-1.9240559194793874,-0.33084724608747473,-0.43309596383409765,-0.2904040118141302,0.591838719966778,1.1813805728155575,-0.14126209287899816
3.3990651906405467,0.4316838847666879,0.055886979705341226,0.8607612775215165,0.2845715544481333,0.22824694334723677,0.595827719281125,-0.8358064284897995,0.06465817269213983,0.4622894099690493
-3.0367946481556523,-0.26616766624131355,-0.14334205294498717,1.3730370268295662,0.10866675047768583,-0.4775763337393396,0.5193059500716651,-0.07120199245967006,-0.09551390814243023,0.31217842068091245
-2.7982060020815216,-0.044192307222432545,0.5644046527307477,-0.1857744545812196,-0.992782397307835,1.4976301067487598,-0.09551346037204847,-0.6261391781843118,-0.3429124634475141,-0.17363525933858653
0.4556673358182666,-1.5017640827084995,0.5087143349098512,1.7867398343951528,-0.7106681564128987,0.330419005840485,-0.31770656106666084,0.5641346866431344,-0.3619921703079182,-0.620261283063002
0.09004055295253792,-0.38321559655957604,-0.41365272298723454,0.14005932468516327,0.9219358694610005,0.4725335120051354,-0.8382057414351034,-0.26930026794579887,1.481913173887079,-0.19931380143866048
-2.5958326399620444,-1.314534364354215,0.3231141380623074,0.2795136413148238,-0.6637325651515701,-0.6104362977347562,-0.31608704853785846,0.177816757468435,0.5067692425453219,0.6391125486604151
1.1896499993349765,-1.4631113721492666,0.8373817937916045,0.4932251509834609,0.023108002543427198,-0.6450956231972704,0.34345292865988214,-0.2932590692420214,-0.3784286918738852,0.17319622993025607
-2.2022852136805073,-0.4382343346914143,-0.3280358319234739,0.5406726044753637,-0.08095697230119127,-0.09201606136860044,1.5372866966529999,-0.2959849243612999,-0.40657394295506855,0.22262425351584264
0.20771245322016024,-0.9698021934566383,0.3357428531586813,0.8412359844560982,0.5108068051309297,-0.39779008732918364,0.3333250944390775,0.3111219640188671,0.932033639209565,-0.2282660363838963
0.33329889518309846,-0.937740416709172,-0.9956366360525291,1.2376471217856622,-0.8085020691957744,-0.6905544518581144,0.32689334393850716,1.0729350666794966,-1.1551067173817666,0.5644473134530175
-0.3289829333911105,0.5771704241912491,0.10436800887443709,-1.2169267519279692,1.0087071523520412,-0.3454752116264473,0.8835982329654906,-0.5065733243974634,-0.724325713106087,-0.15268365465519804
2.3698319004250354,-0.9508343779643605,0.7867778024874403,-0.14223181518874867,-0.7734355591809068,-0.0973788180591419,-0.2870717934318202,-0.4725966978157953,-0.615424763879985,-0.564265081197183
-2.901377127370176,-0.5427427848466632,-0.07285491441289425,-1.3343506843192752,0.9647810364344611,-0.46546508192957964,-0.4867542285038047,-0.47983680019506064,-0.31296505270364827,0.2627619072228954
-3.6594393851746627,-1.0042559439035428,-1.411549776214459,0.6897681390931434,-0.40790653663524695,-0.8459466525806575,0.3764940822297123,-0.5022699365748906,0.6987693242414859,0.7272282694554767
2.513597135609891,0.26422343776347984,-1.194331707262825,0.23376063836672445,0.4869364345526981,0.4525213588240259,-0.03180257090800519,0.6133326071657479,0.2913317799617914,-0.45958941605821646
1.1281674159685664,-0.11327883873826641,-1.2824006492190592,-0.18948126548515076,-0.621016018950866,0.2887167314604815,-0.3805539227320316,-0.7121262690676434,0.1626502140854902,-0.7225657564978009
-2.189125375561825,0.3865994404469819,-0.14247885543309885,-0.5715668590549207,0.9725198370140845,1.293961937731939,0.7183328633267728,-1.2109617751077841,0.13138713294151458,-0.1943073832893351
2.4726499970628706,-0.20584275605431998,1.2005723440736307,1.8466171391221422,-0.7772388212385642,-1.358274525066576,0.0534468763914639,1.0905970562923395,0.0933991572153636,-0.6354834631399436
-0.8241157214123722,-1.0218465857867816,1.8407415706305306,-0.8908778328788037,0.5080960263381927,-0.371970006533195,0.8143171208304076,-0.2802054578617058,-0.2837808804138433,-0.23308180359564032
2.0126434428931996,0.24532124081538756,0.9798987245999762,-1.3704182569390795,-1.5748394123714904,0.17932005088816472,0.3631345093643121,0.7379744644265969,-0.08084342215187064,0.3158514233267843
0.9954835377079371,-1.1656558297535162,-0.536991861231629,-0.6709176506113073,0.9483537749134847,0.34416314964262684,0.10581620618669375,0.5479213799635457,-0.29792825207200585,-0.2299834196635669
4.293085943649864,0.11699229613097978,-1.9235547588356223,0.609256067214476,-1.3649811308407986,0.03980801850776076,-0.47189896276900456,1.1649174750777838,-0.5760181725403802,-0.0031068605131825727
5.00050999663248,0.9670212363653015,-0.19476492788174135,-0.2487107773995591,-0.046802624875920414,-0.2244000235235078,-0.04546615844042928,0.599917647613561,-0.42006667627667155,-0.05467204033737217
-1.2102805888838368,-0.3403842909887123,-0.626709139458289,-1.1840866739726903,-0.12863474107954678,0.3298311573721415,-0.7094694868713395,0.5221327465428236,0.1351381219940348,1.0069367566829626
2.396589504114002,-0.18737445549645618,0.7926200643934406,0.19662568723297155,0.806868190746394,-0.03145905947495231,-0.22120786436459736,-1.0443831236565073,-0.11077951090671827,-0.6861178062418373
-0.1640767550517306,-0.9868087732609179,0.4651503276440549,-0.1067407827657514,0.19533399597290127,-1.2551565500092674,-0.5320430440714994,-0.821171045636683,-0.4312599925008471,1.1275937507489902
2.3479066089477225,1.171877605447844,-0.04228981614300034,-1.129154627630763,-0.03779845629735674,0.05911561691556268,0.5231658400961466,-0.18750102501201377,0.7202667601940584,0.25120543472524515
-0.9461254076920889,0.20550580131100568,-0.6726916993606643,-0.4891663989737696,-0.06515669770498313,-1.9368820742953758,-0.6117943710351268,0.3631468549067005,-0.2937964554169529,-0.22415079128994894
1.2537120463945681,0.22703564731896428,-1.440389006006679,0.5038395988419152,0.6274640715859209,-0.47927136199859777,0.7414912928629288,0.11074408856422573,0.2204929676722454,0.32718943968769393
1.9495623630322199,1.3169396294557378,-1.0802649834414308,-1.4861900301641102,-0.061913546539077276,0.28639984810316144,-0.42297806257580667,-1.0148579978609007,-0.04141447623751985,0.13185771888778608
-3.265523703960077,0.8865857552393287,-0.46325839317005046,1.2801246815208294,-0.06005685918233094,0.48603662161850103,0.5106223981472345,0.3149993309281902,0.15938907990454443,-0.2822902787631847
-2.6252505359814147,0.4709289893903017,-1.786642745723913,-1.1554990144587667,0.19238064304290123,-0.12484860010072671,-0.4847689219360121,0.06733656956153818,0.0999114551479716,0.449860611432959
-4.308377390097448,0.39303181968211093,1.0059881700863615,-0.4174375996019145,-0.22601486785032396,0.41828764922163847,0.7722879827488391,0.42208910414702955,0.38575976829879016,-0.7958219880038996
-0.07196764682802426,-1.6308461548041135,-0.1882977724507772,0.15910527614526623,-0.16197398741096877,-0.008263398456408166,-0.2293216654294903,-0.43546225203379996,-0.5122739307641948,0.630524862942949
0.9280953291581046,1.4001523341179252,0.8476146086793176,0.02553685236453299,0.7007367140904471,-0.0701388518058565,1.3367670586213178,-0.31347633720051943,-0.15858555474494015,0.5420395288382215
4.211312993079884,-0.4860576240055267,-0.5751974320551203,-0.7124899255071206,-1.4514134206415352,0.1572063269744871,0.4854445223795536,0.9400495395620845,-0.11054530661013552,0.38785455353235815
-0.03194809476985908,-1.1397490264760906,1.1606109185444393,0.8033252114139832,0.7613633437246089,-0.44741270925915905,1.0163002412715056,0.4177430471305015,0.2544293187269127,-0.07986911476530939
3.4952016074165457,1.5623174541701492,-0.1754983178061524,-1.0644403506675855,-0.5861620762593859,-0.5888521265568922,-0.8994826328692468,-0.3606133461874693,-0.5491462575376612,-1.061380897670407
-3.712925464556405,-0.9932794828521511,-0.04522439160163661,-1.1392439163404813,-0.3693122769693241,-0.03050426851452819,0.18527240235143233,1.4545795401803934,1.2520129926991357,-0.10703849210495825
-3.819767871613724,1.0133859680451294,0.6898781142154534,1.3085992703322902,-0.09113456344614973,-2.2901548720061786,-1.155227583721093,-0.03579666032445742,-1.1423110984024143,-0.26028025618644274
0.03070331718479506,-0.36452778485055903,-1.1813491955078899,-0.07137176372220677,0.17159024052976968,-1.03742211709541,-0.24136383043646129,-0.5037312033937443,-1.4214019233801856,0.1491860353455508
0.5789068361053078,0.18460819577106108,-0.11013247480185728,1.4206235230275959,0.5498623283339187,-0.2180110965652717,-0.4163857110167172,-0.35277614493695847,0.34381362007869515,-0.5282380795021239
-0.36117716845196085,-0.9262829255276491,0.3552740422057653,1.090919559111692,1.337772758880931,0.40955574359000807,0.24423286658095955,0.24209820570381899,0.12138165357597958,0.8237123717296673
-3.7400340287662583,0.007015247472972181,1.1417818851423809,-0.01595286511532779,-0.33392990001717365,0.5530356590961706,1.1939755853140295,0.20293277786201033,-0.09050270438498587,0.04961216992748816
-0.664180394655842,-0.2133023635428399,-0.5010658590032901,0.2802709287579933,-0.29160283796972447,-0.6589409493863901,0.09808772788477065,0.7826872173433781,-0.7611618620639906,0.03213831214822055
-2.5356727481848456,-0.5968763338694643,1.3448125392319332,-0.4621013437936193,0.7070078879026545,-0.7047569761471659,0.01725037129491423,0.5280254619723109,0.12712169558220113,0.4034911865477447
1.8784516657147843,0.9746181394459841,0.7395597182976821,-0.8580495157447391,-0.26165582974372753,-0.2388461133680952,0.017939622099651373,0.37351139614793005,0.25781212912249424,-0.39124501938643735
1.1011069974730903,1.7489439868209273,1.17328329429798,0.43186481269206556,-0.2662173921793232,0.9462688432859209,-0.5125034395501172,1.156206131783643,1.579442769868934,0.5349253436184827
-1.8056134364657803,-0.030138668422095706,0.3107137384698247,-1.227766739694889,0.08947378223102505,-0.5125294979914414,-0.2771538772390988,-0.7096955301433053,0.46514447369016904,-0.6055557778085783
-0.7227944141513503,-0.08156522500567343,-1.1473032384902286,0.24521207018111377,0.8329792244133071,0.08537144355921404,-0.9729181040487038,0.4862611144203235,-0.496053744542012,0.266933757675066
-2.53435266192326,0.1818054661877489,0.2690380339372159,0.9604208746878271,-0.31767243773881676,0.6073574767488136,-0.3453067600885987,-0.13834456705544437,-0.4394133922176944,-0.26329646889684155
-0.2691536296078142,-0.8302344594559234,-1.1446873561659343,-0.9799099707160828,-0.8007621784498501,-0.1986422633937578,0.8005679630625169,0.18529077324245816,-0.49112072955222774,0.7633563324574124
1.770941179156884,-1.7270287647180096,0.1143466226610429,0.06948369533469599,-1.4272310602709992,0.4721992829443443,1.1565691328147085,-0.4107847551908042,-0.057965430910417455,-0.35774844569328224
-2.8927124738520598,1.616590244035057,-0.1396363888266726,1.180079907521967,2.237083444922258,-2.0540206786384325,-0.7446538747226479,-0.7552871783801407,0.47684126137288124,0.6794234168713952
0.10583329208945759,0.2888872412813159,0.7068809114467574,-0.0725720837669145,-0.06753274689751264,0.006017911182417789,-0.6627032835513615,0.7833181986556529,-0.39131874784334375,0.536536341467615
-2.478296167698477,0.5769216554468903,0.07352650914064181,0.27597422523841175,-0.023464914404204753,1.2999726735969788,-1.1290163566800628,0.24240251484095932,-0.15468208306032663,0.11105970577311415
-1.596247024116215,-1.2212060633862605,0.6860909182356676,1.1873577534950233,0.9239461654834377,0.04186367839324959,0.7115047401281872,-0.09129948948172242,0.7042560327095982,-0.279045701745668
-0.3394837861876708,0.7370461816630421,1.0888163257945447,-0.33123817995278243,-0.09799610065913122,-0.026965041965406958,-0.46464956276805297,-0.3644230027734159,0.3270625495427689,-0.4552425602818159
-2.1568963707148088,-0.706294595241333,1.267951511903476,1.1633757569953445,-1.313999159124742,-0.4917954969627286,0.5122241517091771,0.025560879474039247,0.4724933567849998,-0.03897895468062968
-0.8991703341068646,0.01881553864825851,-0.2186024522091159,-0.4367016334609502,0.9294965867296131,-0.9301420390373412,0.5522511427883001,0.09266416424162408,0.17402301570624792,-0.7504562237849302
-2.238197925105823,0.21758790055492247,-2.7635796212503982,-2.24781651509526,0.45803733855689954,-1.1623000846363922,0.7732830438843598,-0.3163894602021117,-1.4132376153831605,-0.15576610506253497
3.18404156666804,0.3070935283038349,1.028582620520144,-0.21588241168072686,0.5871485865716658,0.4693418647145761,0.3376697609331187,-0.14062415257584807,0.939789120305957,0.6677346754837546
0.32044736413709607,1.2295367602249285,-0.6930713576072954,2.212662162944796,-1.2138582637029944,0.33989348217502774,-1.127199179138552,-0.26303786844970023,0.856313832890521,-0.11452791718535357
-1.1230558836709932,0.021072425721015205,-1.9634907765387306,0.4038973738806673,-0.14533134019034658,0.3781075950172884,-0.9909037880522458,-0.017815893323789793,0.05451724880322594,0.31065289419572517
-0.04326303992421925,-1.4106122865569846,0.33790263511790586,-0.5362008027065016,-0.32159861911918697,0.27673693951861694,0.42522884497338265,-0.5719835452551288,0.336980750151947,0.6937593432196054
-0.706975028494648,-1.4690363227347245,-0.6646653695067894,-0.25270017594604055,0.8416109522640378,0.06084048486911978,-0.09103766158538741,-0.9683879982248628,0.021129583374844392,-0.6433075405647097
-0.8352909846566546,0.5723535161028172,-0.6220144019169463,-0.21308478227020122,-1.1999024166552807,-0.7736376584886407,0.9221765306367284,0.2981104567471064,-0.20207942650269714,-0.4324611531241292
2.954067841211897,0.18240954235061407,0.286179805093253,0.433552172507072,-0.5454791547532998,0.6943110247728909,-1.1072104260203406,0.8147757803251435,0.5053180326794673,-0.687639241440557
1.766871310846349,-1.8120115063029796,1.1036773995344031,1.320864116148711,-0.22945720616122925,-0.3705689204640588,-0.12368951522301755,0.6621476560886955,-0.9212360210242754,0.17287896140588802
-0.446977823128921,0.5247795707676784,0.21765715696912813,0.8822124972074717,1.4474964262604193,-0.9991542679181733,0.23148106212389152,-0.6427016537667576,0.30130535429319466,-0.11619658409538777
-1.0798168535853676,0.1894877143335397,-1.3056898105985653,-0.017516735828453533,-0.3834723585690922,-0.10741916535643335,-0.4512700110865018,1.3269803701580758,-0.012332435753622579,-0.3176812550099421
-0.7204679771403731,-0.9573500123961025,0.5551228155511823,-0.21301472157994147,-0.27900748225499905,0.22220121526401337,-0.011967424617780746,-0.008979833896218743,0.17830259879787408,0.47988982324586615
-5.486669085061082,-0.2138649491281609,-0.73770275750005,1.2812276411682257,-0.43729954454591474,2.3830959231944093,0.3207878223694013,-0.5378139133739515,0.6651955922155461,0.657669955774225
-2.9747053310769784,1.855563350089372,0.9582344930987907,-0.5761384392603114,0.3155127418147588,-1.7740019192232979,0.4966167301912148,-0.34094859576050296,-0.2966164107046515,-0.22014823447136314
2.9677596256166177,-0.611478877030524,-0.6259686821756341,-2.5373832441180477,-0.7134897145779326,0.8289919932213078,0.11730341844950186,0.15917437545302246,-0.16709362571959172,0.2612853480801103
3.1783572581090596,0.3945047673219941,0.7435233574779159,-0.2621758617468323,0.7200978184590869,-0.6078969391004602,-0.3849456082719847,-0.7614814890055275,1.5743013950977538,1.1924904588064937
-0.10815094955913473,1.2873886184173537,0.2364038141200629,1.1332037532407433,-0.2650761222618326,0.4579676882562097,-0.5759162361903692,0.2705574698279161,0.019430204567690353,0.2902982662352259
0.963061886934703,-1.0872759145563033,-1.3807567923950776,0.39853865117289644,2.407740724662272,0.1893681716349732,0.43555039875535817,-0.20752886257263864,0.7171210411482414,0.7735158573240476
1.5673690881023825,-0.07019905566462048,-1.165404467740616,-1.2173068443236663,0.08025187923469011,-1.1720437730182485,0.6991201839637523,-0.4923794068856958,-0.5976713696691919,-0.7567595824183658
7.079023001500053,0.1902778908383418,2.3001070949655,-0.013262134745903922,0.9544845781496689,0.5995569671831683,-0.12894116442867695,-0.7501437435757783,0.2902400310400444,-0.8443957122780347
1.8312340164569398,-0.9155630042442418,-1.3902600815392547,0.8880803259116261,-0.863638731659373,-0.11825387775322488,0.9765173955363347,0.03311879112126611,0.8270297694631176,-0.1661866494746727
-0.49446058866940046,1.5733137699035789,-0.11595788377953707,-0.21791391120332473,0.6884744353901693,0.07700893636938594,0.24080484477639583,-0.21570658418551372,0.13254988379201132,0.11959087197235181
-2.1154500828794838,0.16060069454525128,0.26012759544658903,-0.6671834506322024,0.851221162623218,0.42009636938746425,1.145698667549324,-0.11087142098829399,-0.058750154743196004,0.6629440506645318
-2.4086955862343684,0.04645260162060564,-0.13206814593685173,-1.162906942968804,1.004092630333732,0.8029860122179928,0.4324318016846005,-0.8990937204242098,-0.7605933426511687,0.04139086442807887
-0.2710591565660222,-0.7016703923537723,0.634444210395088,-1.4084812455635727,-0.29743343741560907,-1.462989353388905,-0.8039798696301301,-0.16205026322826047,0.5442645970302388,0.41543441615865834
-1.2222053478337551,0.973209249596445,0.24623243866099995,0.6256721731140847,-0.03710867466681195,0.30777289324635576,-0.682882975816287,0.3815369261588596,-0.4962493838288146,-0.3666849843848305
-3.3332078671806067,1.409058667815346,-2.015159169771664,-0.3231466119690908,-0.1683584715341601,0.19296385354147033,0.7843504231370322,-0.3405007342977312,-0.6486402626477149,0.3480025207435076
-1.7854796918429954,0.6562518828840008,1.1967077674426245,-1.3756137073945316,0.6867348906037587,0.6006498694990133,-0.7965834819732303,0.6735476509867601,-0.4839506785593999,0.4021941121701407
-2.1424962023710017,0.17404732548962062,-0.3580154973314535,0.2759325754889044,-1.5111347885505035,0.10539015192211289,0.28693404271018746,0.19801635217496533,-0.024797629549089144,-0.047182282188778936
3.683110694372979,0.8121824700281036,0.12254709111718522,-0.2813082401028542,0.6722201134194133,-0.7325811710846846,0.5256904514657447,0.3857360045724435,-0.4327185801757187,0.43613729211782215
2.1953115431493657,-0.5338868455264076,0.4220708233521283,1.8479823952633,-0.5186725932517634,0.8955180445781893,0.2396397587132515,-0.15749770929133838,0.26667246866000754,-0.45681748333544997
0.28420524548411985,-0.8855414960590099,1.4621728157662286,0.8242914967568469,1.0509116628562385,-0.9463534335159636,-0.033852342089583966,-0.6607189566655998,0.05788414641985915,0.8933729878776732
2.4832662573692335,-0.47820969024142496,0.5438912513106138,0.8517579082204015,0.959623778470678,-0.724819418835232,0.3153181912782408,-1.2040946344224621,-0.7080752677779262,-0.05558298307596959
-0.6182625026761496,-0.7907279530083208,-0.8634476614693543,0.36013704757547527,0.7577248175919997,-0.2073533048718012,-0.6574477373442922,0.840039892269751,0.5293468155007793,-0.48467698010888904
-2.2781271040928157,-0.5801834089506859,-0.1356233020858566,-0.659952899908776,-1.0183322381650264,1.4930279759486391,0.6969011548496518,0.35280445871017785,-0.4691778073251693,0.5268045014532308
4.088114019872996,0.02985227217462077,0.5944439590097305,-0.8071825309228922,1.436986092103999,-0.09508933481315876,-1.2520315508368673,0.3123725987956154,-0.7831945149711755,-0.09259906925379131
1.0911390215322156,-0.018694909335601206,1.3641923714278525,0.003094289429584787,0.28441592144775013,0.009652416430700632,-0.7995842066876058,0.05266887720460597,-0.5589542542881103,0.009021215063213694
-2.0251220330285653,1.2151593040984776,-0.17836541587041901,1.80239391453327,2.208091576622596,-0.3031007839562134,-0.9971648968224934,0.3843473717705191,0.3648489226031639,-0.2490960987029774
0.6833485311157904,0.03599575079327135,-0.7276464847078807,0.9178920883761472,-0.14391581786463684,0.7332732115842611,-0.627368161452044,-1.4101005780190874,-0.22874005829736233,-0.38320413496827777
-1.1872431333815565,-1.5377377533355683,-0.5779276928305401,-0.029476198139246575,0.7442724848830433,-0.09461409495006422,-0.08692506935015809,0.4324293656466581,-0.03482194149598464,0.2542117533188265
-4.210517542203291,-0.3389245995974878,-0.018789566415092614,-0.5252354999400246,0.16918910843780838,0.8691018309418911,0.7977815024759587,-0.09643233843452727,0.6554930408461024,-0.47995891717032335
2.279699942552417,-0.9830257212118729,-0.4211105640762516,0.5477460664069661,0.7172165334404818,1.308301441784463,-1.2898594242723307,0.8190713503672935,-0.6185641600079785,0.08179915184164865
4.566437335845082,1.9129211544103433,-0.8569884077579976,0.054592988782503814,-1.4879454895065054,0.42894014185452994,-1.3485917496521345,-0.45212208554749905,-0.6453927379811067,0.1040398810518499
-2.7124811197303504,-0.33075360344427146,-1.4358866975176956,-0.3772552468608235,0.9195667780114507,-0.799546920393319,-0.14571133216803714,0.7831662424019221,-0.8525444559255171,-0.41993845521592854
1.3737521443465779,-0.08348682833770743,-1.5247371766624955,1.0392040049674895,0.9242629916721208,0.8297798633731568,-0.8223476396879849,-0.9048504613017055,0.2569005387137449,0.5821265244927212
-0.5480366097673374,-0.43933659371530703,0.4488536826171276,-0.25598470442314725,-0.3011479693423522,-0.20805210054503057,0.32705890730287496,0.0388304048919212,-0.226172799946354,-0.09168429860522755
-1.8590426308364947,0.9616880664178551,-0.526963078572895,-0.07441395933481772,-0.7947128858442647,-0.713234895874888,-0.21788234178524196,-0.10747762232078849,-0.030857765414799208,0.042831441566822864
-1.22222177942375,-1.6529734575570998,-0.3426521649884121,0.4860899496657023,0.4145570661860547,0.07509417414792742,0.2927503866865285,0.5000070167167571,-0.34594475263343955,-0.1497778311650819
-2.295333381989922,-0.356362421508975,0.3088089141682693,0.14035187076193179,-0.7336950248322185,-1.691105327303182,0.23187947523023392,0.3948401400082671,0.5013395794635501,0.03234437381792738
-0.5049159581701872,-0.03518638609430814,-0.552892104348875,-1.1454499560897007,-0.1496233968530421,0.3067431495905933,-0.1523008982149127,-1.423284791960301,-0.5251749147870656,-0.14785152638517393
-1.9999423143112978,-0.01788145789881579,-0.2972925907308103,0.4364903318873531,-0.9290471709538449,-0.2466736102733506,-0.8839296020363109,0.3866299280791765,-1.3410335220602942,-0.42867860905890587
-0.9845736104855636,-0.3505011214919898,-1.1704644369398614,0.5552728007154805,0.2653473137308083,0.055993623948391844,0.37484902275606785,0.45629254214806014,-0.2572071151833144,0.3976493158436238
-0.15275309515400057,-0.21798308062870125,1.342967645280365,-1.5686407026540994,0.5714946466230603,0.9829493734005652,-0.8621214526090291,-0.4590875039228826,-0.38879858648235915,0.08998674106077797
-0.3090389240919709,0.9155619951748756,2.0976625771767208,-0.9557291770332867,0.07463839589754816,-0.7604039870635021,-1.722424965279311,0.3837679926641039,0.2887060128143261,-0.9836880686577986
-3.0097152554451383,1.310537500111754,1.4663507868877648,0.02264608601400437,-1.0162379025505794,-1.2788727858269109,0.25648356757842644,0.02882604115790893,-0.7727425966694003,-0.1563816662753053
-1.7761796195462556,-0.23103464379974376,0.5963820705236854,-0.7577416084109224,-0.3785160674921214,0.08316322742630775,0.2499324452215263,0.4562288656620384,-0.8478834675985027,0.9075699331154257
1.4912453851692822,-1.7146666757745814,-0.6902452846891328,-0.6239001639974805,-0.623439669285978,0.017383869554505552,-0.2121337101712416,-0.6223629636701464,-0.13139505361933632,0.5266237893713522
0.2886917825607401,-0.5929957280372832,0.7113101697004809,0.6790665801737034,0.21666907840106714,-0.8498271437059384,0.48065762044033905,0.2035936223830472,-0.7041021869226148,-0.6844521915729211
-2.7967189010057893,0.8198733419574735,1.2373603038990846,0.10615696418441117,0.8618032414686644,-1.0501424030870083,-0.0012614174991390818,0.40491631085626595,0.0621089460170564,0.27490296353879073
-0.030304547850674678,-0.1955515677021039,0.2871104096989877,-0.3759420736857687,0.9011581856736897,-0.11616046634818859,-0.07089341181150283,-0.5067048901295127,0.5371014590539567,0.4328807229919579
1.9083157612711588,-0.1800103013524831,-0.6196843550255087,0.45046103980660235,1.1466368851630953,-1.390547771690718,1.777635033186639,-0.3051316355303329,-0.449202271245776,0.3141755954683255
-4.18157860317126,0.23985844335081583,-0.3757873482202845,0.41369827251762215,-1.208487023157033,0.31526207377760157,1.181875625087952,0.37250648627976285,-0.6358865922379201,0.23933470536570353
1.6831847954441985,0.5462206027120495,0.014817420548140788,1.0206928824897112,-0.31551737242061,0.38859814152947997,-0.2099705166173739,-0.9329598100104495,-0.5399847428118623,-0.0997058798834429
-1.0589477203200064,-0.13072958874829937,-0.214648347847955,1.2485633664181999,-2.0584877713652645,1.3438449239626384,0.0010441297635059353,-0.3339536862030512,-0.4805926464895648,-0.021356715963180922
1.2979998492241451,0.3791159078125281,-0.4657277427400864,-0.6008920419579987,-0.5982672633494961,-1.1686113819059138,-1.2241257613099465,0.899338368722024,0.3021104487176867,0.5109628242683796
-1.7892744992072631,0.3831237936371117,-0.5641312067346401,0.34728507208758913,-0.1309254062337314,1.7401394930236325,0.0459703597040952,-0.2010721972754194,-1.383032276537234,0.2560255139620821
-4.141636572367866,0.18549636010939485,-1.2763120621830648,0.26649352503616974,0.6491328906317831,-0.2651311807341745,-0.3991537066139593,1.2814019317060306,0.07428257587878499,-0.8279750261345246
