Stock_1,Stock_2,Stock_3,Stock_4,Stock_5,Stock_6,Stock_7,Stock_8,Stock_9,Stock_10
-1.317191003892287,0.3499215546100919,0.4604155771899608,-0.6358445030931174,0.7408454779125683,-1.3506148712315653,0.20489870329873755,-0.6905526601394111,-0.3440586842662528,0.3198189934812754
-0.9375320851577468,-0.7064858407040228,0.08833672682096258,-0.9232745579137931,0.4184411979613861,-1.2310565395751827,-0.07181241298817222,0.814423179973578,-2.3783583017592966,-0.9845827873590484
0.5034181720621772,-0.35301715588521093,-0.025836102921678962,-0.7667174475591964,-0.08598245431407715,-0.25060999746915885,0.6079107430637559,0.05764685076426829,0.10103792898385688,-0.5019600855925218
-0.5915246533631519,-0.7280844172211144,-0.268247515781375,-0.7902185984185086,-0.06419225996099721,1.625647946376283,0.17195358276448056,-0.6121679958143463,0.6398499054904795,-0.7549624890243399
-1.1949290788574263,1.2118953120165765,0.44094224949779764,0.6974182302342643,0.9440097309615092,2.161051271335928,1.5506061997281289,1.0697180197980969,1.6879078403978125,0.19669386889692247
0.2810787769456157,0.31386446499379006,-0.87151308974096,0.8937150362959229,0.2779328733814155,-0.38101804746446005,0.4251058994223121,1.8650401201365663,0.12649237119052,0.11841727716978491
-0.720846419895822,-1.3140548411356787,-0.3913382698611602,-1.428646601484543,-0.4887633381989592,-0.8157714740706562,-0.43762773347582945,-0.37651056017370693,0.2537841065841874,-1.190856411952676
0.09664583795937642,0.3065861682677921,0.42006303311987875,0.7230719688085692,1.0726173559257548,-0.5292893858189629,1.1972947679386685,1.6704876490368306,0.777996743252835,1.7722407859710299
-1.0686310593945068,-1.62928752066214,-2.042841022993353,0.49317132153004783,-0.05705461884915528,-0.49876180932863795,-0.6977737437254915,-1.6596637700431747,1.3212358616037698,-0.9462235787754254
0.2396667328168711,0.49268303328948965,0.45131769303568675,0.23440474077333223,-0.6059737112334196,0.49019255144650536,1.480364051831874,1.2632165798509798,1.4091429466132026,-0.14870476485001224
-1.5211914154260078,-1.8066488230583855,-1.5863685677173633,-0.2813360264453158,-2.505188895888692,0.64598748209389,-1.5440148937275748,-1.5765050221161496,-1.9283945984852335,-2.612187211655109
0.37847038405874445,-1.15809569854484,-1.847320442637883,-1.9624479382123434,-0.9860226754997224,0.999607817575445,-1.1616955111735416,-2.0341092266474203,-0.9501705163376084,-1.272886616186342
-2.371718581201917,0.14646850086224614,0.027509079478236144,0.6323966299398208,1.718760301560279,1.0697997628444438,-0.06928572503402257,-0.7225449427369239,2.2081466016285574,0.17957668250048198
0.33164276118761377,0.6422408750365626,0.7240999559032781,0.22686325124184936,-0.14521121234459286,-0.22526334308814078,0.4902151303380771,0.08386560108399449,-0.19409520474996692,0.6535076372171781
-0.11165940674671919,0.7939852111091359,-1.4004619648034753,0.9564980672002295,1.1734120862566406,-1.7919560933730827,-0.14053045778837114,-0.14613612694643222,-1.077875216015566,-0.3376233697479416
-1.004503043492319,0.644921547006571,0.4477143518423273,0.9438478892185502,0.5643658819491204,-1.054371605225429,-0.4776496693234373,0.36164984150009666,-1.083827055830692,0.3098377843468789
-0.2592286596813189,-0.435288364312547,0.16395050597048147,0.12659113727635102,-0.48599654092950695,0.9181948320344676,-1.0100332660635398,0.3431582168646042,0.30584677175012903,-0.44904455268379195
-0.13460929694851512,-1.8617642910431214,-0.6843104527351751,-1.0980516422640396,-1.2275494593488563,0.3923301056451585,-1.5886778859908564,-2.055482179552821,-2.1105421196743315,-0.8757396572546382
-1.3684316840188502,0.10741683937015502,-1.8054679588070313,0.9565592363893409,-0.19381365588499896,-0.3535105694679132,-0.9276959956464684,-0.10400537658144124,-0.4435515290756759,0.04373857264113189
0.0157585549880523,-0.3516379473525198,-0.5924872246811285,-0.3959930212666382,0.023458916546494384,-1.6976564431903092,-1.3163838851649305,0.34213962633129796,-0.12919940405423372,-0.5059652197667383
0.4445362172452001,1.0861720939920165,0.5582400348423919,-0.13125209855780529,0.6963617654785923,-0.49421826058740126,1.0358181080222417,-0.6440182553678725,1.4134665422663062,1.1329506261599607
0.42187501401654304,0.7233123734607703,1.2511835245251108,0.990598911187016,-1.465042518710329,-1.021791943913549,-0.21852323571979923,0.28654898811860463,0.5994775682634215,-0.1649276937837474
-0.36115558395136643,-1.9021677402135526,-1.8119331454482426,-2.3111792556808557,-1.7259086591469304,-1.85100189523457,-1.9882589786406866,-0.25433087651180486,-1.76839164154532,0.09126667222751762
0.635673244141028,0.3627305479388044,-0.23221166988383957,0.7099510137886936,-0.35766639213227447,0.22051548927155204,2.0491902820803825,0.1753095600376892,1.107838831733018,-0.16763335157238296
-0.09710098631159564,0.41271373859926597,-0.6832095067845169,1.2508240229150023,0.4150681351464674,-0.6471392797914962,0.15704401671170296,0.5762340039971272,0.28311919544390257,-1.2655435396335288
-0.8397301592303432,-0.7155445362644945,-0.6029422757893326,0.05914316857705972,-0.201409259562801,-1.4420642362060672,-0.23397218804598646,0.09447759285235283,0.07116092700418307,0.06572858051946563
1.050236673419876,0.7370942783909556,0.4634647361947224,-1.1472779934810815,0.6762969439232991,0.40131567247173117,0.6168755779161746,-0.5901402067140145,-0.5666745657177935,1.110346631429085
0.38174741304182974,1.2065091461615411,0.8669324147940982,0.5463900462730127,1.3387136796867127,-0.09157569078671729,0.7933682153924149,0.339539039355091,0.19605153097822642,0.6479944727019791
0.5908613135214419,0.6185780564349067,1.4981883779176954,-0.30420426633267467,0.2944011091485143,-0.05975658729022104,1.689310317985463,0.8061702238966079,1.3462602132241246,-0.1314963862896024
0.02859388110225549,-0.3711134558358234,-0.6458309486946018,0.34608250412014063,-0.8976688820530068,0.9456749780857892,1.0236980408831904,-0.7963008466677189,-0.8446345226428117,0.15298528883870724
1.4288554733522447,-0.5061903285149506,-0.5003531140025875,-0.5006524333999866,-1.358618373072875,-0.9371008164835045,-0.9607666402390479,-0.7783562674776303,-0.21461634190961115,-0.13336936717032538
1.6203412952137093,-0.1397763125777967,0.8449850858391942,-0.06980495301071737,0.11063990009961132,0.715907138685396,-0.5841450005967764,0.5659539007936419,0.30399839724553335,0.5470681613776694
0.6682436574953398,1.9200123030915763,0.43392395412502044,0.03332048263566017,-0.06835225249697542,-0.14686205467007885,0.22788906067156783,1.6355600418014544,1.690124800951635,0.44726885833472724
-0.8700266800821177,-0.2300452028471663,-0.7174426219292317,0.18473212838641373,-0.0785828997135016,-1.531073310462268,0.744846131522963,1.1792190602400041,-0.7835251657404647,-0.6419947325303416
0.2690340056786363,-0.027308757156246238,0.22879433549304223,1.5364354328345602,-0.2647897334499793,-0.7849519240344489,-1.1405170015298143,-0.6682786342314055,-0.14518195318584587,0.8933612817921085
-0.7915542594119979,-0.8956147359743674,-0.9237600713468382,0.2960236755981497,1.6548046597885486,-0.880860521909658,-1.1664842548828886,0.1650244657251006,-0.06535236808484247,0.16621716973840334
0.20121674005614718,-1.22651874266779,-0.6450287199308395,0.17539660435428794,0.10216785304779787,0.011926602550477708,-0.11639076362409655,0.20753280395345353,0.4606372323543916,-0.6179756457014751
0.1886983277211464,0.7817386661339711,1.3715088221584948,-0.306715245086938,0.7246079508434725,-0.06152160223746774,0.5876478148288227,1.6017079480510243,0.5897277030329953,0.678920619436232
-0.7339776800806683,1.5242850125647003,1.4942642734734102,2.5649553776327827,0.4037193559912366,0.6818862559071796,1.1375661316846588,2.196443432026443,0.6542550426330753,1.264480594846577
0.6070011121048219,0.010408341261634691,-0.319767001458603,0.04540729174450394,0.8973652821061924,-0.9471235946073945,0.024851465320293815,-0.5695283063455844,0.9269694054395478,-0.9798836570858851
-0.11016163443149984,1.0511460370246102,1.7379316891413432,0.4485174485040397,0.005876877720110971,2.035361149424048,-0.33270604130616677,-1.0791601748524329,0.8996787010774875,0.5110351438550575
-0.758671406986007,0.6213785323741353,0.439548985678895,-0.35230237475775183,-0.9608507643830287,0.9031135108433693,0.7079367435751778,0.19721308157914041,1.701730539775956,-0.3542240530253812
-1.5706560162129486,-0.8783336440096762,-0.5599140164228451,-0.24588073620147133,-0.5551943954845575,0.07366257796589525,-1.3800945591899814,0.787272133234832,-0.43892140032887234,0.11356050247951471
0.508487792393055,0.5129461269692482,0.6288559133837673,0.5150798284450419,0.7372202111576704,1.3101327649709835,0.3827290414239397,0.8490062036112782,0.11005369106286002,1.1336720151721755
-0.03695835773415794,2.1399771151089317,1.2457557645736466,-0.4108271990883171,0.8810821976084174,-0.05455976148691435,1.6921853526933484,0.5156730120246179,0.4661348117216635,0.12860316609497516
-0.36567969574252457,-1.0801444142398475,-0.9511761162876257,0.552039844116235,0.6615853293453672,0.3603303849090352,-0.7371164127279395,-0.01970925383065574,-0.038265124282239764,-0.7338173427954889
1.9973423293385855,1.7664511482150955,1.1626094578958874,0.8544777423863333,0.9655042083188142,-1.257836858805741,0.9320022804969387,0.5092889001464237,0.024287023879896678,1.104023862504689
0.8432735951119622,-2.0653122712269725,-2.4958165268585293,-1.1126953630988716,-0.11049718039430556,-0.13292093471312424,-1.8637928694553192,-2.1832161044257115,-0.8867486216547745,-1.9413798389289358
1.1788809892226642,1.0001899087079376,1.2880018299572729,-0.05972421494961619,1.5671754066393018,0.46865652581459616,2.0606110498913135,0.020531973283041363,1.8646558731942684,0.7764378411702577
-0.5087548430179265,-0.13619478203094182,-0.11513996501787362,0.33523970373452844,0.4918456412566439,-0.48572168224899276,0.026767395202947634,1.8268191383622974,1.4523775093633189,0.31271365700918163
7.934756142316628e-05,-0.22057677634391407,0.10903201606381117,-1.1300654988001808,-0.3934522915695852,-1.601898722187804,0.05201372849740251,0.3697386647469401,-0.5776196939192128,0.6692747351261911
-1.0407680041432077,-0.5537150506515657,0.20547882639828274,0.8720947128124569,1.5195836951746764,-0.38166124993169886,0.8204230034625882,0.07067423744829127,-0.10681122453848334,0.581783983137147
-0.005208784539532789,-2.4554440043675334,-0.7833912630872433,-0.0524364651095844,-1.5772119084991114,-0.3747854815244413,-1.096974921500418,-1.0400026169854757,-1.5642217856303935,-2.0522794745968715
-0.031906388167794605,0.30292426367030056,0.13388727081354673,-0.524709253394663,0.5556483772611934,-2.624928733641043,0.6461913650400222,-1.504169085432297,-0.434613855860711,-0.8622519665860847
-1.0142732473412954,0.8119601162555576,0.022172174102716425,0.4258128915663217,0.12602978519246108,0.5489894523648856,0.2938850122201314,-0.7606995604749845,1.0002987333721105,-0.01629056566369319
-0.8752519730069768,1.1276168801678828,2.0919343947161737,1.5099357355071517,0.42948442720580227,0.21936963675922452,0.8161391473147792,2.6783208717664087,1.1136071065813096,1.4541746760687901
0.84719697253813,-0.36495189326005495,-0.5792770567260186,-0.5490584080144364,-0.34089072032200174,-0.22728738627654346,0.12927885575052483,-0.2530122053324941,0.3007442657279273,-0.49219892985264857
-0.13597950923085725,-1.585822632698531,-0.13558037899407202,-0.25251288988427456,0.4560888932708697,-2.881263103301988,0.8950127831858612,-0.5962310957562575,0.4493189377772106,-1.2997860088454962
0.4649260298493981,-0.9060272249347895,-0.7776822877343347,1.27002501278606,-0.43765246900201926,0.005712855693254777,0.24322796039838754,0.1156818699879117,-0.1686862822873555,-0.21439654706951278
2.6120538332943637,0.785558012233516,0.871938458818168,1.3544534035091758,1.427622023902825,1.384603250611719,1.0988065299056806,-0.28476178236707567,1.831958295619602,0.05652299967659286
0.46010409264133323,-0.03703437067012013,0.2333728147842816,0.3940964151655228,0.4368281812468855,0.48955629652046356,1.3745342736221322,0.6216957185539451,-0.034875224846075394,0.8245940458481982
0.9911764422416854,-1.0059122438195893,-0.09085851284432259,0.21380497645112817,-0.5462767803293682,1.0280516687169816,-0.507810347239625,-0.20108628091305816,-0.45001687717989836,-0.44457364385952064
-0.7766639896069688,-0.16751497836350424,1.349994559298822,-0.5066100829004958,-0.6286139464530769,-1.7391252057593192,-0.1063932556502799,-0.6915106515541958,1.6171898346935003,1.0036292482890137
-0.5394606672166327,1.0496770236916295,0.6501439713806321,-0.30112514938821366,-2.1719447621510324,2.071515788636918,-0.9441003276573506,-1.2221290727649432,0.8784789932985382,1.5086419774761122
1.683341103986645,1.100347495707514,1.1447554802552384,1.2163218935729925,1.1486212787453447,0.5964543081733046,0.7542196321039335,0.6214139359337177,-0.1009217291598565,0.6135470420847726
-1.7456378497925744,-0.673782814748117,-1.1551505918266438,-1.4338902351562124,-0.21225149272883645,0.9800178639973288,0.13344606011033816,-1.6813210982897626,-1.2162005144568173,-0.037963905853032894
-0.9578249909237796,-0.3943651786818993,0.048476487163365604,-1.1000562051150677,-0.087682752120261,-1.3140716296185788,-0.6855003019969209,0.08698550399858147,-1.505599353018992,-0.026285665920289282
-0.08523564870198824,-0.11756182016816523,-0.1943381689294416,0.8623490093863644,-0.1029247322640698,-0.5310771420803255,-0.21348268833417514,0.22538928783371034,-0.19167558957896005,-0.3164067778224574
-1.0847110856461222,-1.595388218647485,-2.0245416478883467,0.5693339055423046,-1.8567453963445966,-1.154995546886437,-1.587938319380805,-0.1876088640255606,-1.0652638860390464,-0.48295263665108296
-0.45793773777488866,0.37830195015935447,-0.24192215567279832,1.9325055286360713,-0.9122979125247849,0.3777799234834765,0.6489538466141461,0.5684245222164447,-0.0044892681734175904,0.1492379605715045
0.1965388638686589,0.163817478186068,0.7751330053712202,1.968152386968597,-0.37369153281333917,-1.1321998764760484,0.10637141562499437,2.2928400496659704,-0.5320964704617717,1.1690251730552672
1.6272570674807763,-0.23921174041087806,0.33423710627593395,1.3200854361230685,-0.3463256612410776,-0.18554044241742668,-0.43157128931888705,-0.773194205777351,-0.5463757484470166,-0.7389833004394342
0.018414028520240204,-0.5459550266646109,-0.05854248032395795,-1.549667707077833,0.15878463985330896,0.6519222309223747,-1.615970938983748,0.19128757201004137,0.864102475112488,-0.9278693106414881
1.1378991853837275,-1.0871226841153865,-1.5792354494799596,-0.9505807222395897,-0.24078036099013927,-0.4520931673441717,-0.6525599077852653,-1.6209270359242587,-0.6570805432722909,-2.021072554336919
-0.18006482998638812,-0.76941743812936,-0.7756866076744999,0.7359523831491411,0.7356984413730502,0.38433798636598276,-1.1042440468898458,-0.4866817654144508,0.749493546272077,-0.27995460120835036
2.104728255234149,-0.14199368680266644,-0.17208170854003915,-0.5435834198783426,-0.07046437230126365,-0.2662766044599099,0.24181277660245662,0.5909946754301372,-0.8506091853864313,-1.088980362905801
-1.9129199119608895,-0.50233281447997,-1.3046266870616727,-2.3919019415256844,-0.07892895211474996,1.9250755649286715,-0.6010515319755905,0.19681739985649954,-0.3908328914435899,-0.7368158512342522
0.8656595679079713,-0.27428777137232635,0.021516112283628333,0.10286720542098644,-0.6861165115795175,0.8198398890260746,-0.26010056394478187,-0.6724487046892837,0.3364588291282068,-0.6830458232861655
0.2307993121931822,0.3505915204069707,0.9641327720682352,0.563043981293615,0.1692314328092253,0.8697618255501823,1.2686743088002577,0.7547754798443284,0.21584759494690825,-0.46261557496980266
-0.27934596434065656,1.5444318839258364,1.202201421988161,0.8582315101429636,0.9950131845052276,1.151133919096128,1.290310873947751,1.6609668979302963,1.0778993096175653,0.36432132591680483
-0.746395490680828,0.08798359035223927,-0.5599056970010453,0.536879074954164,1.4264275895812697,1.143894560386407,-0.04562134322232037,1.3581400403293913,0.20295061161627276,-0.07370743391700565
-0.41526853473453107,0.09382432857692709,-0.013798271045052104,0.21689339576496028,0.2586381698715007,0.09031048760736518,0.4801342121487003,1.170019488722818,0.906984633814517,-0.6858342147963779
-2.3314460831428963,0.3298379733044606,-0.8568923115894468,-0.3151433399132247,-1.0852869090828992,-1.639272005138977,0.3157567396555875,0.6060694725269973,-0.5304530899317972,-1.6149335879008058
-1.0953167794228456,-1.5475677164013517,-2.4447839059584764,-1.0384965397635069,-1.0033246871208275,-0.186240332954864,-1.3156645804075877,-1.9905153306939583,-0.09047837182522477,-1.6914618795318515
0.03236243278558702,-0.4307104583618845,-0.2803711205857165,-0.8531760626502202,-0.18033231055339763,1.510299511906881,-1.0205097302407153,-1.2768079785962025,1.1790175194731674,-0.16354095125696286
-0.534306173331343,0.4953039897288402,-0.30312605158290934,1.5215966109263028,0.6151672074620618,-0.4189853955743078,1.570471198292765,-0.4073866913787377,0.6276252730978406,0.20939883743593807
2.1165382707622804,2.861738696358504,2.0516004347435395,0.7083633419436,1.6446089518837808,0.2843582396343195,3.1991626178847348,1.7538670551010165,1.0429540901398988,2.1200284260422735
-1.2504501831740342,-0.595042475027063,0.5382847011082236,-0.7542768315725237,-1.0364481327940016,0.4026136922286815,0.6923379761921503,0.4969682507122218,0.6970207840175887,-0.6246460278086281
-1.1513437104666424,0.9088851529015624,0.06060525899955198,-0.118688694356137,1.3121161808635637,0.5994043090640994,0.5254181766228907,1.9846293578695469,-0.378124675438871,0.7807072987752782
0.10790453135328427,0.07891881639277021,0.8591664053740287,0.3361231948975148,0.44358519993123946,0.9375271174606272,-0.3049998177055194,-0.6574775542754451,-0.8934394741397543,-1.211892381871558
1.5784890965116276,-1.5219481727105246,-1.09431470518187,-0.9965471927252547,-0.33692247917369106,0.29689207292705483,-0.24428222495935462,-1.1881872248573313,-0.7975630141387362,-0.8123579434904403
0.22558918530760197,1.7044091909826604,1.228231023227482,1.216046759339597,1.152371572850507,1.4550956890214528,0.9347833062645164,-0.2609786177543306,0.9433679350753434,0.5372132517002073
-0.16783777333338082,0.9168250540917812,1.3399529733747313,0.3767153650002552,0.6409530157481049,1.7844924181869641,0.6958710503034866,2.629745072960376,0.8640395063014099,-0.4423108900186129
1.036556568835707,0.863416637734627,1.402157484752375,0.9584261827675999,0.26584105601059616,-0.810058672813213,0.4018110855549128,-0.12968594151499738,-0.05634093467273223,0.9826148435968473
1.3080348695792827,-0.6465530391210551,-1.446847568330275,-0.22710239513110053,0.5801843733248233,-0.8796940027602227,-0.7699094746872202,-0.537380204524967,-1.1622976359326762,-0.38207122441829894
0.4329623793685082,1.425256911425535,0.641483407754005,0.3621552691940497,1.3371086138174704,0.17108518391294736,2.2297141747578264,0.6318180779719724,0.9429333866031511,1.690260046057906
-1.7292513304075572,-2.0126456612638437,-2.0451666356775924,0.18766348950577233,-1.2142916265980046,1.7654894083583623,-1.433052274401233,-0.7205637128518181,0.47866763685420133,0.01738405669999878
2.182304511977944,1.0372055526479163,1.0791184528206959,0.7704543766960633,0.9716455778950683,-0.2841700161878995,-0.18177130026263574,0.42093846951543895,0.16829901171789888,0.19690081254785485
1.4610493457627522,2.3578345957127627,1.8591659425924223,2.4624675984848925,0.09149876734783904,0.6168053169077864,1.0465399765925383,-0.039360148090346256,1.1247892703354847,1.7137674824475417
1.1349905162703178,-0.6173232732989965,-1.4140296835038875,0.9341924661634429,0.5604699815029597,0.15330510249332197,-0.8946388211716749,-1.3759625908358177,-0.8678609731349699,-0.18776930782563211
1.6245376268791059,0.15329978519791315,-0.7525325949194626,-1.3686315482776508,-0.17766816532078136,-1.787965244214999,-0.19510617350457712,-0.44521421858286275,-0.7109651711383433,-1.429262568302007
0.5779528776745542,-0.14595512546967795,-0.5986429445428589,-2.4838342560509705,0.012249571303075364,1.6100796154961257,1.2434919586771545,-0.261865215341628,-0.4555431387318873,0.34232899411445417
-1.0325738712471297,-0.3246654090052198,0.028907923543937772,0.6798962352805111,-0.3585823151475811,-0.3702934089532456,-1.0103835131073484,-0.9523317528179978,-0.47941428435225547,-0.21438616915923858
0.3865758909441642,-1.7334093696113102,-0.41327403255661577,-1.2139612427239383,-0.8214939422097002,-1.2350491362859328,-2.8728712038119464,-0.2530505887422864,-0.2652841001439318,-1.461168971414573
0.152406432238468,0.2773670266973616,-0.8525715687283676,-0.4928214354328365,0.722141216469147,-1.0991232912462596,0.241211483487638,-1.0076844554383604,0.4056467419126991,0.01770471809966298
-1.796229557575549,-0.4516480964082642,-1.3049237035419032,-1.3920227781012715,-0.3771783703700166,0.6322701413975654,-1.5118731254302538,-0.5989019241355797,-0.24907156310529913,-0.4814050736694913
0.3922705689060474,0.2586403919178302,-0.09088344922244365,0.2703604299746742,-0.7200944113470833,-2.438105357564442,0.6355602698311565,1.0792076560028683,-1.6964436491266648,-0.2262632295717852
0.3283682918883217,0.05970400251945309,-0.7478015661083304,-1.238353528626174,-0.6431573681313121,0.8858236561110485,-1.1439220192119042,-1.2004543711028777,-0.9194868852118441,-1.3397986062469913
0.7095024128755117,2.0747702871183473,1.4667524369977891,0.6064936796644653,0.5163116164633836,-0.836594789990077,1.7311843826802762,0.9870832952897741,0.6910849827927982,3.1514871546493803
0.07714051738881107,-1.0272246684749973,-0.8953305323166398,0.44978608602349035,-0.3123754831114314,-1.5724302722648122,0.07558034596331076,-1.0061982762658912,1.092105470296575,-0.022256012866388168
-0.45869692259573547,0.2582283728647029,-0.22723141178184358,0.464658103444363,0.25016924293286524,-0.8773210047176964,-0.7116850414794522,0.6635205017576432,-0.46835458078387404,-0.5220860603517953
-0.5430913283809667,0.9017147125867914,1.869984752632877,-0.5210042965652352,0.4209306126896048,1.5483473951332902,0.5107100902305524,0.9359630375470684,-0.4399965734171119,0.9061168099581992
-0.5270030611468275,-0.6789002408488707,-0.32672528240744647,1.42494042121934,-0.12814506066209663,-0.16243026614909645,-0.7663114563184209,-1.0431553027255136,-0.41629837229170047,-1.20619842238944
0.30088866380642315,0.7638149260056736,-0.39813830069283696,1.0306146879523772,1.2646595585111269,-0.028579164529343344,-1.3747726917181184,-0.3003501590806108,1.175954651285584,0.15610842012627357
-0.4157396577587224,0.9424339241660821,1.5671723862105031,1.1503532790448627,0.4395506449274943,0.14171021582581664,0.64284316002922,0.14790749888138058,2.0332078370581446,0.8675686271872187
0.6492397832817618,-0.7842614447763953,-0.7476007579707513,-1.3846393282986107,-0.4749899606791921,-0.6111706181560896,-1.8244457868779467,-0.7414885371259232,-1.8713306562125018,-0.6370984277745532
-0.3019086083079054,0.24544340260150393,0.3163643066486678,-0.19364632054615397,0.5978599847673014,-0.36221883320183274,0.7387769283000513,-0.9236601154166173,0.1901788156862317,1.2838360814573626
-0.7739647699072509,-0.06550771272946787,0.5125675789296761,0.2261094077800451,0.4276595688901533,0.5245125661152079,0.6235149650061329,1.1062374857991428,0.46465161840376407,0.05333913288786538
0.9583741804168038,1.5084319016253305,0.5676288617404184,-0.45970575134636604,1.3610709676755681,0.17064959234142085,-1.0116601596965737,1.234037022581035,-0.02427388897106963,0.5724424137608927
-0.04676543710032088,-1.026365510325151,-0.6096045437969498,-1.1723265403084198,-0.189989161260893,-0.6864258208206898,-0.38064918810237597,-0.26580745526461136,-1.4667186557536176,-0.39230016487826647
-0.8816519044337026,-0.8351836042550872,-0.8774731874982606,0.7285582044886806,-0.8829055303384699,-0.796769724114045,-0.9840564538439271,-1.0610865369591536,-0.08643703083897938,-2.0630255838245883
-0.7341323771770921,0.0003263762402723727,0.9826427031351965,1.6913421824273385,0.15904147678880853,0.033105363018424296,0.40782383566816366,1.3187253795631688,-0.48984161793358055,0.5534426271063949
1.0741385224545448,0.4746008280453576,0.3546487963965931,0.9520367741709144,-2.250289382358952,0.7061844745071425,-0.27309209716007987,-1.2415715784137313,0.5684471023491249,1.0412399011807683
0.024528514044012264,0.6274743532959663,1.1433685054154332,1.1940969606173923,1.561474596857245,0.7465787754749674,0.21605173384959978,-1.0873383615068462,-0.07961011307565433,-0.31126243321366
2.2019687983745437,0.2275148156738734,0.3568990341648254,0.5953612045843591,0.20054641381545169,1.6308740362920533,-0.2149296568390795,0.4243293577843853,-0.4346876442246541,-0.5148969863461624
-0.7336011951980892,-0.6277791504113689,-0.811812187405258,-1.068528906291519,-1.6018072700935446,-0.3269220224728335,-1.5866387852608133,0.21303608927295817,-0.32289485805834545,-1.4415962647214975
-0.14127489597803103,-0.1221421511612665,0.37654465400672116,1.205377830339011,-1.5519587589235604,0.1809463039093533,0.03413796384251872,0.7346525542930028,0.28780333646306694,-0.2721692049138339
-0.12967355717886692,-0.0867961607964838,0.8667551414575525,0.10972052152186967,1.8138104713413092,0.04641917613126843,-0.3148364940877787,-0.9884607654706364,-1.3359160709613251,-0.7154164110065425
0.07126247528278215,-0.4236386889466587,-1.5098210913272818,0.2726073742766891,-0.803949784083688,-0.1344502631546254,0.6217233993149269,0.3010577487337219,-0.6302997130525654,-1.134111700399273
-1.2959540127558886,1.3482003083771865,1.4169540200005593,0.16024230274638768,0.8186967059033446,0.7400517733220673,1.1650131457026311,0.730889755998361,1.152267960261833,1.7805987238456669
-0.7846575851386477,1.0235804960156945,0.3331311328333585,0.21280123298078132,0.8522283164463322,0.37402099892392066,1.0058298122632565,0.5817897646986901,-0.2575433782249174,0.5868277206147275
-1.4022586768896756,-1.0209183686603152,-1.003685035476756,-0.9508124461478067,-0.7334024151888549,-2.1160015671397323,-1.2701938228457788,-0.6576397934012279,-0.5412935790116021,-1.6077305035029215
1.4667145941932278,0.20704484289597191,1.1049174913016038,0.6692548113023594,-0.25094453692379703,1.8150190399174295,-0.40052113701484937,1.2104501195494155,1.1690218942768882,0.12541292346702337
1.0279937210520307,-0.9820596882746172,-0.6376771061618092,-0.42310495133255743,-0.6283483612444462,0.3629387917400145,-0.1524635188676894,-2.002205833063065,0.5188729002869369,-1.8057011866354367
1.294616404762749,1.18056806757574,0.01483247245606506,0.026694304306287442,-0.5903273270024163,0.08828555201298437,0.3280308698098179,1.182796154593898,1.4955952195858542,1.4578316777265383
-0.06027855095616242,0.93713805233242,-0.022873129801497954,-0.09583567368293774,1.4270568971518565,1.8549269216950477,-0.06787735867234862,0.3174826895008002,0.6018533139220504,1.102421190663705
-0.9653922137376595,-0.5548389748902319,-0.9538378647623275,-0.5690822119649185,0.050979446938338516,-0.29818830055797074,-0.922610477682289,-0.579972066009342,-0.5408699314970448,-0.9126958136870015
0.15498318481515821,1.54070615247999,1.1207348563219894,0.22817449564281425,1.0912137334380603,0.04630906911897034,1.5162418853248874,0.9666674028333236,0.42767694783136817,1.0410130174901975
-1.25189216754552,-0.12234269773949523,-0.35406630235320835,0.2836723281009406,1.7257266114982264,2.1329819503090928,0.7360910421939609,0.7144982565879722,-1.2681719028662264,0.0005461979192391499
-0.384703939988003,0.46009881452567325,0.5802063146987008,-0.005491275266883486,-1.3439998330228535,0.9592708652837604,-0.19463076873430019,0.769592342695321,2.142649634825614,0.11421434916407791
-1.6370072037270753,1.5621542112584248,2.2053669254453707,2.7038339442389656,-0.13541455097141938,1.125574327489628,1.0150963637512385,1.189941067680056,3.2041972574329867,0.6531593875335224
0.2188098982663207,-0.023245452037261603,0.4278626291220863,-0.1378917585540872,0.13313190229344404,-0.44414554021177804,-0.0025500609346434436,-0.3943320630101617,0.3599809139455589,-0.43877686356826673
0.16000212167624586,-0.6901430452521993,0.03155516217032296,-0.5617977610075273,-1.9631288785523233,0.8452952198272005,-1.2106222082748528,-0.9754072526931982,-0.9209002832925755,0.1765674147024023
-2.220914354225438,0.5509981499140928,-0.12124131838377422,-0.40533822592832014,-0.5149116413934034,-0.07435812252353982,-0.28621927430059296,-0.01581896265834928,-0.049548787628403534,-0.6969158382746194
-0.3948801596585349,-0.7979553603584758,-0.7876546366349354,0.4182567788600239,0.09520237240599244,-2.92326100630451,-0.13654160674434493,-0.33129165960887397,-0.48093223417250297,-0.9196558572525686
1.0848759563374994,0.3331508785978451,-0.5137538732023993,0.22504148589046893,-0.9113839169105916,-1.263734786210867,-0.5230879062540998,0.6876238096969425,0.7253205228642149,0.22306385277454394
0.8568386748361099,0.5204601795835306,-0.09203540004788047,0.48976407926087534,0.8661770346976141,0.7903403546105497,1.0791291849947606,0.8352787601314114,0.4615050530728193,0.8976807206087279
0.13652736235417937,-0.13832383026786527,0.13287583423544505,-0.5567767076776711,-0.4696679651214584,-0.03428148709932326,-0.38683280702493633,-0.026445145239274576,-1.4193156890504917,0.3366448109721426
0.35008655259636084,0.38025958885183725,1.0654511471255732,1.206155130321095,-1.0131174322451812,-0.38547694474976535,0.026572960505437372,-0.17828358615496312,1.1225070351712003,0.548556989826346
-0.17454685461775524,-0.8559631820005765,0.37937309066557773,-1.1340960939967535,0.04541244209292562,0.24605809639786005,0.9656831718525493,-1.0052828470134398,-2.4901685652207406,0.10207557997782532
2.235482588373034,1.8229286361654684,1.3212216076335572,0.34522979275565785,1.4377429695974833,-0.34597782884333844,1.3702972667142483,1.3949492889800732,1.6576573996312978,2.8151580901349527
0.3410793480794089,-0.46049574578662716,-0.23415226326018856,-1.749950538518065,-0.7621899735727018,-0.466861208262776,-0.5847277140850505,-0.007108654304897324,-0.8374943455091902,0.42903727930630325
0.9949443174660612,2.4151395517189553,2.0544987397996084,1.6369345501916042,2.09769117197957,0.20880106609228047,1.470353021690632,1.5657725113589924,0.3787453653635214,1.7364220333332245
-0.16223238794712672,0.9281534202958509,0.668452126339186,0.4509847700355699,1.055436408033094,0.09880345430037749,0.712133328467778,0.36562801643634474,0.54769227397055,0.15206797428149857
-2.491523295754939,-0.8275035884125279,0.11865536584317522,0.21623452650367547,0.402543981902682,0.7847523294294151,-0.5727353722764302,-0.35609565943716254,-0.9960235974300565,-0.9107529766564182
0.27355221702133,-0.44246742896287333,-0.9660185762727914,-1.0882971553286651,-0.5581987840087,0.14116177300613392,-1.8247227846799665,-2.5065464305664755,-1.058759769142136,-1.6230234632413845
-0.24073878320131722,0.36085760238230774,0.13407735893185235,1.447035248162224,0.5197519362932183,0.43711324538645724,0.774965047521967,-0.562896422285715,1.1046642557667183,0.33472082041025625
0.6134799066310164,-0.6658831598695928,-1.0885729405530558,0.49212652463202744,0.20464744563548376,-0.8911670731254347,-0.8026234698996257,0.804649245872015,-1.1164092727211892,0.7721944907102296
-0.5264039308499191,0.9053892996019623,0.3976930049847304,0.8535846393675197,-0.13155867818551514,0.10821654074979209,0.5253647922859332,-0.3021214804871932,0.9872100788220615,0.2660266680674661
0.01582915393241296,-0.011495714333807368,-1.0996948534946729,0.03250266365209703,2.3570537222879033,0.8653224481163655,0.30873682451511575,0.13771175543773276,0.26396819936477944,0.6963739144882639
-1.055151903244546,0.4087006983304446,0.3549950625754335,0.4942986575488785,0.3360532477807566,-0.014879521222116691,0.41106120820141046,0.4721287502078751,-0.3467087488108381,-0.4176262505482952
-0.12747093761836978,-0.09425435335807308,-1.4202962176357714,-1.83016491529769,-0.29921495931098496,-0.26803209303687475,-0.5045953185680127,-0.3117349330094963,-0.6661005395524805,0.16837265957662778
-1.9373942033277742,-1.712371873334633,-1.3115275155315034,-2.369548472391288,-0.9397066686876923,0.9250993520741148,-1.0952729486777917,-0.7568078218029016,-1.886909516255705,-1.6302931377755367
-0.43414260212102385,-0.5403483837553181,0.3756676824754338,0.13922526695669885,-1.2226838352579354,0.05168660303027867,0.016634540439077136,0.6714858689327426,1.0372323600536975,-0.9870338968895721
-0.39442705912265147,0.2168421874705082,0.5702598685374377,0.8191325048359781,1.2932464187481918,0.23733410697946744,0.36952073151954723,0.7213437506001326,-0.22956052536516194,1.9262330602983724
-1.353850085083393,0.2646423537834265,1.3524472560759568,0.05131701206254624,-0.07307971008399629,-0.24681744781388015,0.00653617917651787,1.2887435386517132,-1.7154190676114813,1.067707450520651
-1.6811891201423574,-1.2308268554105126,-1.2788580817179689,-0.2994131121524465,-2.0588499775959574,-0.046262812311948516,0.5340002405109033,-1.8675888979842319,-0.5467867565289425,-1.43576148404676
0.5215439605061253,0.15694819772193774,-0.23072309952733222,0.43998722767910237,1.667326478177275,-0.1132146827849842,0.621954198231957,-0.8885891301001315,-0.7061273251861339,0.4050243400700246
1.5771043999338998,0.4907687081600672,0.13536342701132803,0.1445209999288411,-0.9224077316564213,0.6728638008500978,0.8913119497041304,-0.07208095358220686,-0.189332334714552,0.45725802182804937
-0.6405012216768191,-0.82199351142222,0.49017924991440387,-0.8052584096022416,-0.7800033416844031,-0.9040829853721551,-0.12232648360988296,-0.6788203632764243,-1.0368239060081526,0.03793028991875701
1.4381590553172665,-0.12688140010141263,-0.9589892144272716,0.8742137553376619,-0.5405415802859236,0.7546743258419115,-1.319191371422338,0.8620773706452333,-0.9262317960294603,0.5421642458598177
0.0998946225148809,-0.36407842845809224,-0.18934815099747845,0.5432311714722411,0.10898788487857874,0.536170392860664,1.4394335735637478,-1.181933850579663,1.3457868756934943,0.09217236043857867
-1.1581964297984242,-1.5967130403014296,-1.0544080901843311,0.045994378521209585,-0.7079525238149028,0.9261348218314387,-1.881912764724531,-0.7108614931846715,-1.6753892220384885,-0.7431418181739639
1.012832895275676,0.13229811372174205,-1.2193635577043438,0.29968899023144874,0.5534842258120866,0.4843872750520968,1.1246966618698302,-0.5892923487245122,0.7409024255368004,0.9839134875681016
-1.3943840851216658,0.631715456268343,0.1691257066823742,0.17734105739787828,0.5780574938418095,-0.23662442866716735,-0.09847518261539975,0.43425804851107913,-0.5998344176355351,-0.19958183571568686
1.0674545925610752,0.4656733691621393,1.280815917332819,0.947800621032341,-0.987432362274027,-0.2166574557357285,1.617523644559923,-0.04519878554677392,0.2001820161353562,1.1480535806839172
1.1541178016043707,0.8255222329261935,0.5219246407329652,1.7537084634486395,2.0573191082244824,1.2492879431186608,0.8020621000519085,0.07525911601658361,-0.11680814045600318,1.1598083806153336
-0.01448102211632643,-0.6308937426388204,-0.7600898432229667,-2.169588003481672,0.21429871358002217,-1.3958460407925966,-1.2864678711343798,-0.6518820325330029,0.8647948177706989,0.6916628091256088
0.3105412053631723,-0.9204519991790105,-0.46434016876070516,0.1362289859167306,-0.7741774724871648,1.2538366250415505,-0.5295567691538149,-0.1661959468840261,0.01447643903305596,-0.5398742279250442
1.021930434244119,0.18795777366654032,0.09988844662415824,-0.7226728369824031,0.635883251277104,0.8754468873815396,0.6806251678904514,1.7277548366704196,0.2639597477308272,0.8028890276513185
-0.772237241190233,0.2858363670246471,0.8277948851558967,0.9479229176261555,-0.01246553783767912,0.11680995249011562,-0.7357071502585796,0.08813675848133115,0.9996941803306069,0.7464101302929602
0.7076466272359299,0.47486649562304206,0.4285818580855933,-0.34554585768061713,0.8648970844529863,0.5563560585206389,0.7051693041447368,-0.04737779288015703,-1.5013104086885496,1.0568692272048466
0.9362379656092025,3.0576324608913787,3.583384686358538,1.8268369305828565,2.880972021272854,1.9430231283222779,3.2478049904441755,1.4452995216886195,3.105803990692033,3.309487976326847
-0.08155885192044776,0.5649107445615074,-0.5620583342740033,0.6035062346229676,-0.6328518171763392,-1.0044256854809184,-0.6977665952270977,1.3108720475234676,-0.21783460528575038,1.3616583811216563
-0.043638196094446045,0.2722393592189133,0.28769589359883607,1.6413320007536734,0.42563087526292437,-0.08234914742490274,0.914505582707078,1.1852249339466527,1.5292659744821633,1.776071325661883
0.05797243792202865,0.2743972454406972,0.5465222113482655,0.6992371758378602,-0.38010131778807604,-0.5127439445531445,0.9153160689701437,0.6231384704455416,0.5376562488513821,0.3182295521209048
0.0749325208834198,0.17747134181768787,1.0545769560684721,1.1876064447082344,-1.313234716464666,-0.5979835668907016,-0.6212457457159934,-0.058744956389002456,0.2751958644506914,-0.3406580110158331
-0.8972686590279155,-0.718516263944518,-0.14057430138620966,-0.20311373321434262,-0.8117908118365231,0.03722465714557335,-0.637388641129825,-0.3820620098947621,1.1859952383417596,0.5174467910652976
-0.8817336119486932,1.0277734033728612,1.0975856552866916,-0.6219674263586249,1.0948544661126354,1.64060234345904,-0.2757791144320504,-0.20456772435633866,1.2395535818684043,0.768242572163293
0.315501017752131,-0.5480807727487714,-0.41171462480573107,-1.666178543123271,0.5177687108423619,0.7560579333219484,-0.7398212582429652,-0.49550573990438046,-1.7002924179086267,-0.349082527877665
0.5174795319544043,-0.2435171016316698,0.45735951904384203,-0.5033601306360118,0.3640492167330703,-1.0008588099974212,-0.20606115330947244,-0.252560250623111,0.03901054201212955,-0.43167152018198035
-0.22095409340117292,-0.08303040423390405,-0.6554291349190231,-1.7390595417445283,1.2841003272187572,1.0492954013951823,-1.294137262293713,0.28285979915792986,-0.6966809801394179,-0.26105412608498335
0.3680680001723335,-0.033502000613176625,-0.38882600993490674,-0.6235377901567799,-0.7815658648272233,-0.7176948906807373,-0.007641233701986522,-0.48208547630195403,0.5902135702637822,0.931460638331824
0.31749121314104334,2.1606321678186795,2.2008162017028576,1.6725910051807562,1.2299364621576996,1.4965761218837457,1.9951129690974243,0.5487049798736297,1.9756355233760974,2.414209303319436
-1.2793971272389408,-1.6538572219415792,-1.145208005864833,-1.3452077240965188,-0.01608537105138905,1.4232701166316384,-1.927329086022108,-2.286134430446826,-0.7958387095261484,-1.1273184252569124
0.08639529463506201,1.231147654777431,-0.21238156045604337,0.9143783768461473,-0.20019199525077266,1.7759458600520677,1.9035741868495668,-0.13015869530875868,-0.088682760805492,1.057008081653121
-0.8430758989463207,-1.4627973644758865,-1.3175437697179722,-2.6635641169343,-0.8463979116481263,-1.2063382842824009,-1.5340616581342699,0.15801385997967177,-1.9378888499342113,-0.8634020488438618
-0.3534038616655671,-0.5466804902939734,0.06907421056059299,-0.06217357449111092,0.24980067948278484,0.685776467779419,-0.5959913581774443,-0.7586707159311251,-1.1677739972990258,-0.8955135115371857
3.178244561238334,1.500398857083375,0.11284934484673062,-0.5792953691195223,0.9651264533055999,0.8773202398845391,1.1595098812975855,0.5444623589111252,0.48202611195458644,1.0733657563102292
0.16850726335571906,-0.902915935699099,-0.08129626990053192,-0.7717049948711887,0.17328775149322878,2.678533449491369,0.2910867521619756,-0.16905086277140363,0.7775633440107775,0.32145345851393287
0.08941316838394749,-0.7053683277654618,0.30499466648938717,-1.675926851460055,-0.1438927555923557,-1.2230463962184293,-0.39723456128691403,-1.3997925904759807,-0.9530844193371102,-1.0799393484375555
0.7293751498732179,-0.24825718344197534,-1.3155750241699247,-0.4482652442676773,-1.004468995783522,-1.3875046056431837,-0.6895016641832068,-0.6718812913499156,1.5844536103053835,-0.3499140376689468
-0.9813136940549549,0.35722351654093326,1.1541317860201599,2.107045402045248,-1.0691096290968751,-1.4349579285576122,1.8116893088568706,0.7982599198842024,-0.35433315412487937,0.8588808413506924
-2.6312354499561956,-0.6552728576603092,-0.4132120234370416,0.28835130766207345,-1.2808648486851415,-0.19473630462784558,-1.2078886246844684,-0.22681069462846443,-1.1543265392310762,-0.8609127045406727
-0.7845830724752363,0.4673537583252317,0.6770198273551743,-0.15430441792846206,0.12971043542098615,-1.2186264890061784,-0.0772200276925376,0.1423202218165846,2.2579431828870433,-0.4985877331361031
1.442676473889878,0.46372262341955833,0.2000068500679797,1.4552857466868607,0.33764864304735254,0.3575290815418087,-0.02373211623744369,1.0587448841339577,0.9108066051764955,-0.35100965516240235
-1.381215841558587,-0.6738159776652576,-1.0038767106192863,-0.5127620495815982,0.747302802950704,-0.6501663856246155,-0.5187926523103488,-0.3348041281393755,0.3223681933995877,-1.8861264412910574
0.23449504266515325,1.996359314407087,2.4670506934134755,0.7467785294124103,-0.5810977787131199,1.3249707563523867,1.0713811930629222,0.4764204878172088,0.653927535778516,1.638255296846453
-0.27882765273392074,-0.3892230203306045,1.0441437692615527,1.3828974770270288,0.883566724743413,-0.7898986446474741,0.29397900129891164,0.4490005883623971,0.8262986194903507,0.9005368202497688
-1.306208455708663,-1.7756418859862952,-1.406975482781322,-0.009369165901631893,-0.421755856519818,-0.03787542065291459,-1.4179396833588573,-0.13691482085727297,-0.7958485463213463,-2.1955346763363726
1.4342425421926694,0.46072261188648195,-0.10439630603641059,-0.38172250983668093,0.34258707682073875,0.47467157697650686,0.2572048310547301,0.41443953451398835,1.4845387083290704,0.7711326703864395
0.018127668038185028,-0.19072028365059912,-1.1474455875218244,-0.1230339383732622,1.2471305285298437,-0.4405879750337405,-1.102731928228547,-0.9142664477320728,-1.2761849070062594,-1.0277373100527136
0.013344802888894705,0.14965508972130756,0.7121166163812603,1.1905884215814673,-0.3822929901920314,1.6579161816229462,0.9617662230497641,1.4277016676621495,-0.08601458291525782,1.190829236754332
-1.2180955993966602,-0.3292219189047419,-0.5552116268034806,-0.06593604446993324,-1.4552631186057632,-1.0915695195571595,-0.16179265983038912,-1.238261526795102,-0.07198955838026153,-1.4806234841362826
0.8156650256985022,-0.6380674498147983,0.22558453940940396,0.3905530786701563,-0.6877746012506226,0.471246368543882,0.0853859122573962,-0.46720792692448004,-0.9077839610434069,-1.2755707489897374
0.5639072556265547,-0.22855358827825673,0.47159899765121865,-0.011115376199737797,0.8423973800618042,-0.0918089107394653,0.1093875402868267,0.9608190336008056,0.5384076405078069,0.5855964869992616
0.798117519263233,0.10561338870105152,1.154005971879631,0.9498547177308206,-0.47171049963803185,0.09085773251955404,0.5772539039524436,0.4965089562937951,0.7364279182202274,1.543760399730249
0.662358821058442,-1.6400318084268086,-0.6301417701944935,0.3618450089953854,-0.2828817503987881,0.53076827138487,0.5581242932026608,0.08743091000499854,-0.4727316112616622,-0.3863625251207737
0.08727602479309088,-0.29356273893149654,-0.48125081226049904,1.0667324809729972,-0.906956440980895,1.2386010223588073,0.09853722598922779,-1.3042305367828486,0.10212061712874682,-1.5379727691099583
0.48590390481979445,-0.04828741059612426,-0.7372828806702085,-0.2495607792762581,1.4700533940614653,-0.6292074037817678,-1.119444151194808,0.9284956646407669,1.3355615658405495,-0.4064852543151556
0.7836361915427045,-0.011064621978124722,-0.9718441051450516,-0.8754099857566143,0.740627453499656,1.258905905039624,-0.08608796942440242,-1.0924709595450142,1.2572779361538442,-0.8703218670139994
0.35768086369544816,1.7153354590483012,2.3604025321555118,1.6804973845602347,1.2499562678572635,1.0481020592278016,1.2849857813826253,1.6402541055606175,-1.120787970037476,1.2601728364402744
0.4291440422148696,-0.13972385778345614,0.5581947737039167,-0.01874479686053938,1.742036980614855,1.5433466952691155,-0.06037660166686773,0.18372232250201762,0.1470730253126731,0.04807950747886458
-0.1821741537659654,-1.455784388577025,-1.6991148695070268,-0.2789391294997922,-0.09934712658381074,-1.180733266059313,-0.28574235292018896,-1.2872660885579092,-0.5029827574289875,-0.5694813049556552
0.34867213954782383,1.0081238705395101,0.45682361216269685,0.2865839034283267,0.27081027405133057,-0.3381581010958337,0.5163194406120631,-0.6103661248680934,0.0870751768332721,0.5692435975133744
0.5527276528586189,1.7821896847054355,1.715470641823598,1.5669447497412088,1.8372471086175353,0.18542454025577487,0.648856993927434,0.5813387558502,0.7546292013274659,1.5210803340491226
-0.296398613829442,0.3572146534514432,0.5865067818067388,0.6772876524096815,1.0363368104405093,-0.12792888261542398,0.4296716909077179,-0.03415275518294612,0.5281408744302103,0.32952011760337213
0.0809361929616746,-2.128181608781762,-1.4643090019038634,-0.7051106010433363,-0.6243711578581994,1.8430119200730317,-0.8628856326583839,-1.7558120361125866,-0.9321132043078738,-2.321618210569528
-0.1733032747031603,-0.7956272334529515,0.13159820628059882,-0.8320823995661628,-0.36346775762811445,-0.748296220530205,0.8782876178406167,-0.5319282944304884,1.2235633142667746,0.06631995012427903
0.9468620024647268,1.2822789294293009,1.2741884001213257,-0.9946535026332901,0.383812860915326,1.207485555676203,0.8594883133892067,-0.2677048810569704,0.6402329491874872,2.035745722480302
0.9838328768433108,-0.6631608803242437,-0.03191688502805422,-0.8051727714307849,-1.8786294955262948,-1.086964121950612,0.591195637279868,-0.6390948858791552,-0.6059452879126734,-0.7780443916374206
1.987299476477785,1.089311915005983,1.655586595027099,0.04280538453373805,0.472615393155531,-1.1967333570307688,1.359469305529537,-0.611380169517053,0.40744776507843705,-0.30269169178555305
-0.21607126710333435,0.32473933463466087,0.2854048407766332,-0.09056480164099281,-0.10439600842607058,1.0181985785704473,-0.25182168692717155,0.7236654261038664,1.4128232936744098,0.3159608695441586
-0.9164550300562901,-0.9310968435099448,-0.08023728854257084,-0.45208972464017017,-0.9545679220238655,0.08884445142063238,-1.476263155298792,-0.01099075950875275,-0.19100800139171464,-0.9633027947658389
-0.7326534102895527,-0.440099695519371,0.2610055805847228,0.9400039318215562,-0.6071884592664643,0.3810787619217097,-1.556645111886608,-0.4682354054364545,-0.07390499310331318,-0.6059078641975724
-1.9090704380800811,-3.1822043622381764,-2.507040050311157,-2.1259440866746315,-3.6388286015006903,-3.0732638078222565,-2.789215359124738,-1.696255614362033,-4.061703891893791,-2.9826387966646086
-0.7716223674005509,-0.3216762540389288,-1.070390959585851,-0.3468541084594681,-0.4102758284582349,-2.2771054098942463,-0.20639828498009957,-0.45024659372259423,-0.16285315452716895,1.4664743041942505
-1.955717293579783,0.5110090429492671,-0.3764151101465288,0.02027789248751488,-0.1827444918181471,-0.4758019627358099,-0.6087888496720625,0.14365969774093634,-1.401858344091366,0.21938028697559245
-0.7455832890349605,-1.6040170845873254,-1.2926200698041834,0.27266175793911235,-1.1213580576993163,-0.13946221707837037,-1.4414554044686116,-0.15785394516963241,-0.1404050508457924,0.05087985736811954
0.46055235183702736,1.7370923176424695,1.4040352905313895,1.981962764102501,0.18115525295382198,1.2509214560136381,1.0184398806939414,1.0517220177074569,0.9603338399072708,1.4759960741312812
-0.5290990258206416,-1.1881642851781256,-0.26409980969257646,-0.06641914043287078,0.026195627104938852,-0.9312853865903588,-1.6862786333918054,-0.11720387899956301,-0.08438862861808041,-0.3221319339716054
-0.6444966034471373,-0.49665887632581857,-1.317230449874586,-0.6716931685054802,0.6421711455880321,-0.5815454878450217,0.1232170076313877,-0.39772907855916323,0.008072005917376175,-1.060312357866582
0.19054495888684936,-1.1756492587740819,-0.0014808206572668,-1.4010129833267555,1.117349804039712,0.7345456084535034,0.41004671280806154,1.354062759264298,-0.7233573345152009,1.1258980976758213
1.4245519460355869,1.177365134415551,1.8494193472908635,-0.18892202283687184,-0.009362768641652789,-0.025100791232107372,0.6411987667019252,0.12690673618595302,1.78476293875781,1.0156318735537018
-0.09555410822073923,-1.5309311946245578,-2.244719494316052,-0.683136821385316,-2.4329297656193143,-0.5884679088692161,-2.033629334227664,0.7115593829105679,-0.058517409610606086,-1.1371757963028457
1.6376835710242343,0.6671870516614603,1.2755496515535842,0.7691088690904476,0.810487117454257,1.5506246664260883,1.3445380824808655,1.0312974377465038,-0.7341091378684039,0.3709646504273784
-0.043740842551954574,0.04361883062403335,-0.6493830041983897,1.9946612671243502,1.330181318254649,0.5345332038218739,0.04046777036175168,-0.12245904252484674,-0.7922984419198813,0.036738280658866466
-0.028586661558110883,-1.4146955542217783,-0.6168716912279734,-0.7834033755429985,-2.1979670691343927,-1.1292727058246226,-1.02219401117375,0.9266527661592143,-0.09951445730544031,-1.61746452830137
0.6759928253733036,-0.2592544456177995,1.0102006885794186,-0.21413618107558574,0.13816307446513904,1.343708496446028,-0.6076637019575984,-0.784496405953891,-0.2403109364240981,0.9784341918457328
-1.2769262726315713,-1.0463687740357117,-0.0987064041776445,0.5098089732237324,1.1470270388125792,-0.3465134845410744,-0.16982118296566331,1.102345395010626,-1.4425164905679901,-0.08404122583333586
0.03893522295714047,-0.34749177717074425,-0.7927216166289871,-0.3988627441809665,-2.5167304923729987,-0.8106366019348935,-0.1261695327416659,-1.1406054017251706,-0.298150234666963,-0.24690701729326683
-0.2276706908395228,0.12987773536555736,-0.5028382759931564,-0.21563406618255324,0.5602411233176873,0.15935202706505155,-0.38842648969833804,0.268333448087193,0.6103143026245881,-1.1753890956902704
1.0122128427112653,-0.49376664844076174,-0.07153923337559032,0.7232059373128635,-1.421355599881901,-0.7782388155332403,-0.5029325776283629,-0.8407103698144498,1.1978930771040115,-0.8427861264002641
-0.41065151370291103,0.1834379709294161,-0.6059335004733944,-0.3523054972832259,0.32393595251872603,-0.26142139793059777,-0.003613477576117668,-0.3111211197637986,-1.197698127363595,0.26649422318028315
1.9231519361048055,0.5924851314130873,0.6768746437312977,0.9001685120837942,-0.7983606789711849,1.7521521736151628,0.6036235456795457,1.7890057502764223,-0.2527955166440165,1.6053415850496262
1.3280298875646612,1.6460079881661733,1.4447704114159625,0.630770984400037,1.8525224066417347,0.6950833925645685,-0.28479390955214584,0.17211342668680932,0.7065782893799524,1.4720364851713328
-0.40807623908385404,-0.5847764893488439,-2.1570703328659673,-0.6763224551250283,-2.2489712246164126,0.22184647593825887,-0.9782596798516092,-0.42428515071680883,-1.4083825616110741,-0.27831202662271154
1.7623096407286651,2.1467478543842398,1.6850621146587026,1.6593726563037912,0.4462615766851263,1.5312449483665798,2.7004708383593234,2.292666426603363,0.5613960799133048,1.9529165996061204
-1.800617962438228,-1.4995939553959234,-1.350539863075659,-2.818310121998742,-2.0326979867948323,-0.9671240595551341,-1.6408952225592792,-2.202886154212145,-0.7726332791686308,-1.4758363912064043
-0.1654986916945808,-0.46604416328302184,0.48358904673396014,1.251939146539289,-0.5183310640329706,-0.6067322334001731,0.2240152258935623,-0.3454383397570238,-0.21384228120158688,0.2958851379178517
-1.5064872459115521,1.0857921833969832,0.5272241529163341,-0.08955840851350047,0.20622914872624803,0.1742061291505267,-0.834830342557017,1.6305599252029654,0.34294902646142544,0.7294048062362919
1.046711621499744,-0.19439943396238069,0.5064881681199958,-0.14506224731554684,0.8765269305206352,-1.8001430164508647,0.11299298918718177,-0.2615080545224611,0.4947431227698276,0.49239261134232887
-0.8031045987826139,-0.8670644808348293,-0.579237674063982,-1.2102715741151877,0.4127794282386891,-0.561143411169237,-2.549966233837497,-0.6651832480608644,-1.212632692663681,-1.4973832494584
-1.153906133605908,-0.14412934016651743,0.5998180549007452,0.06831169766379994,-0.6555460200236658,0.3249099803864386,-0.49741716211298403,-0.653577987837668,-1.0791395307102938,-1.2274977731304524
-0.46368415477679575,-0.3771519857018641,-0.4639892204617247,-0.7226563149159794,-1.0999841862850175,0.3572704376788953,-1.3174586763897005,0.3475272746300938,-1.1112312691579893,-0.869600103788599
-1.4970606125901167,-0.746693440321571,0.07963412367348109,0.020029838150714636,0.5502163897387885,0.24552615971260353,-1.2339733878925945,-0.6079874929228937,-0.9819059636270645,0.2859033999389105
-0.7553108621478744,1.136077406796715,1.2198308572659295,1.9840591828146885,0.05610429716435546,0.9375475097886536,2.228440297785147,0.09625830052187435,-0.8085695968595515,-0.43258485415380465
0.8507448171971178,-0.49738379799146515,0.07754382228300315,0.50361770787476,0.33094062870203167,0.5029606045279731,0.3980340913324995,1.3058594950759421,-0.6013351173883322,-0.12499769773760172
-0.8874785997243942,-0.2662577022186209,-0.04940952260549287,-0.09544695815232021,0.6786599083489393,-1.3076461217122264,0.6765827751039527,0.8203089754970188,0.20686146855284526,0.46814134070330865
-1.1654824388276843,0.5706817604913329,0.3145001139744576,1.0630176111409446,-0.4840465983890494,0.995969841182327,1.6117130974157021,1.187824920212286,0.7139115889720786,0.1374570230711298
-0.6151915074769634,0.8057466824778347,0.7060351013443013,0.06627092195772602,-0.2269139397904475,-1.700183394828639,-0.5642538563574447,1.7838067715383605,-0.8984634857529903,0.34772987895828766
1.2800880555248566,0.17917491263792518,0.7777489918595162,1.198117246560434,0.4102476444932655,2.8461775449377336,-0.6281547609267071,1.424678263746265,0.29081571110719673,1.109277576661388
0.6915860676084501,0.2402568572298674,0.6522094512179168,-1.305690559808483,0.8387548029820912,0.48848160596264806,0.8928053139629596,1.305043895468088,0.6339250119918517,0.5885899766912397
-1.0346253752328525,-1.0509798526359766,0.004697748400988536,0.6700082759819759,-0.6459333631583702,-0.26592388599398875,-1.2640588120381147,0.4490936584695832,0.07409164860501423,0.450598598056563
-0.9403698542337028,-0.6676049907561596,-0.3287281460135938,0.1492156501157609,-0.48942466750402136,-0.9874983630260068,0.20924724960753807,0.25956415356833135,-1.0776505839304473,0.32467461698206923
1.408933547532857,0.7182487849715895,0.6625038624463163,0.8308346877910405,-0.3950869994873546,0.2921925594235564,-1.0220110048584121,1.235006745648679,-0.8867467344449144,1.4889367626114014
-0.03171001740762185,0.4473892998294466,0.1382360015896679,0.02912675973686292,1.5489255375736182,-2.0019738496479422,1.336233340584717,0.7116291201607592,-0.6709282801847735,-0.1525221593423449
1.6171670729869259,-0.43097171039129906,-0.6885459272695482,0.8838848110528766,0.2742176752936583,-0.8495954689409142,0.12161834013015248,-0.7989800498374923,0.8777159955614612,0.5943712622976138
0.6010839222699105,0.25447921626019254,1.119991909904589,-0.01109442083866791,-0.9981576939911235,0.43734931655046694,1.5605656403236943,-0.7002325836462666,-0.24791602469684224,0.32586180844158646
0.45256425116450216,0.710765074638394,1.7063358368680417,2.6536601439302223,0.8087587566420766,-0.34790238396643686,-0.20746683272336305,1.0809446744981963,1.5965364796187587,1.3160630898598216
-0.13726990373100137,-0.7864543797710808,-1.1241452255032338,0.2923669511775266,0.4920025638446532,-1.5986147217936415,0.6941733800533517,0.12051849421295274,0.8084938112049684,-1.3003408971915276
-1.0155586301756592,0.4179539600150223,0.7432383645489913,1.7795025524611296,0.8875968975456181,-0.02360028272168715,-0.35956683764727737,1.3900356911198968,-0.5066659036823037,1.3982318930264588
-0.26642056369187045,0.498230024492792,0.22699566427400553,-0.31422895320547795,-0.5756081110309118,-0.3832299918008586,0.1426299183362032,-0.027154820207451268,-0.615140155730689,-0.2822884392565791
0.06551999247877287,-1.1153069831977074,0.08586370605137486,-1.0458085416661826,-1.1433022615018198,-1.5890922910864242,-1.460611584214379,-1.1928914002295687,-0.7183769523766548,0.9610761035321796
-0.04697031679293161,1.0502567513857095,1.1392548971225818,0.672696325075478,0.47620611268470564,-0.6724607627255347,1.812851526366031,2.214366868401114,-0.792451680717933,0.2800203643863043
0.08839452135099703,0.3152645833110275,0.9748806774902611,-0.2231922948113582,2.3175183532407218,1.3550655068554185,0.7286403267606505,1.4072351568338997,1.3487322138247806,0.32768741205023416
-0.41403822202811796,0.7531224630384394,1.1718242350229893,0.5135432109293037,-0.9930803458710504,-0.42618744431093586,0.5147657855860737,0.5099962516636356,2.054474834324614,-0.1694369874894479
0.9818737770055338,1.7985499734425587,2.3976323312018573,0.3338704202444735,1.0836746520418477,0.9759950214855775,1.062366038375949,0.8111862124949918,1.0629168043456254,-0.44388607737120833
0.7076459396628243,0.06733020207265897,-0.1127687279045875,1.6881315894328743,-0.5994671156984106,-0.3576047060007858,1.4234481236061263,-0.6154835903071868,-0.45610688705191266,-0.08748461733357753
1.0805405844863496,0.6916190374771439,-0.18920638994234162,-0.13853701984430633,-0.20370116724529716,0.17286036121109075,0.7780440286779412,0.8228558410271314,-1.0991067662881828,1.1746059223222327
0.1955889878371022,0.3132659700937657,0.0012992820361097956,0.6846319732027688,0.24010570414619564,1.0814702159596163,0.13204111509602579,-0.23865528508400424,1.681070732874437,0.25395327234080967
0.7104249026979143,-0.2656531363429657,-0.4821012744845001,0.3605211644571896,0.27921901148370487,-0.43565661756202334,0.31610869771713945,1.534381120466083,0.7348385603108166,-0.4271204530098357
-0.0812237347150362,-0.46790294333066573,-0.3336185257561173,-0.5094788797733006,-0.5021020192322285,-1.1720279397637134,-0.20376543902664476,-0.49478384148125043,-2.4951044627594103,1.0922642439519263
1.1114318322478858,-0.08105230111181433,0.09025362180638194,-1.0272518391941146,1.532661880636721,1.720575816646582,0.16364759553526903,0.9308133236250339,0.1820342651876583,-0.7301909018933059
-0.11280973513757023,0.58161299293698,0.22635957418204575,0.07976586284273,0.2077949124490691,0.13808425982867603,0.4478406424007698,-0.4265208305801771,-0.2765746124708686,-0.2891085475055289
0.6961224873222674,-1.6407076606877955,-0.0056753818986098655,0.6334195025949947,-0.69703398250735,-2.6235039593313467,-0.8670494699178503,-0.5417271020959961,-1.2975160374859822,-0.9967505740517905
2.2022769339600514,2.1455191658819692,1.189290708942571,-0.23126603938814846,0.7610548494667858,0.5635488067502173,1.8449210438481758,0.9707539376224452,1.5590621805176115,2.8523898695254255
0.48125135292477245,-0.9231278747175735,-0.9378627743224808,-0.9703615573345378,0.5169277901588888,-0.9304075702838814,-0.7111341213519856,-0.570759039427473,-0.9829028789829862,-1.6595691269697042
-0.047367461230880266,-1.1142502632675741,-0.7124391862223476,-1.2432047888917945,0.4465569514069856,-1.2283685154898112,0.333015609445006,-2.157215914308521,-0.32796019417181044,-0.7355046282916116
-0.2772835580994894,1.2092330609170159,1.6992849658709457,-1.3058872201035832,1.0187315937173995,-1.8079572201159377,0.12426929724361147,2.109332062990928,0.1451108479496446,0.2400397070598276
0.15294668865841282,1.589472943183395,-0.41201361569630973,-0.5198124571880017,1.710786914742353,1.9375226807642068,0.47791599230169773,-0.44270042926366526,2.143767608862486,1.5794289031129942
0.9104957100439656,0.20126113585908806,0.48602662249405876,0.1466019581947616,0.5954049664258502,1.5141468188930536,1.061322888421326,-0.42121760189708457,1.460102425015788,0.6818943651844537
0.9194804011531487,1.1852335531288842,-0.12821395748468384,0.2558388805042763,-0.16393422847765646,-1.1753872408799846,0.6827156912341068,2.4766817824949237,-1.1813345908422312,0.48060663558522115
0.6577206640019923,0.03635683100851799,-0.07665157529346407,-1.2001981928967849,0.1852182759414467,-0.6849620852284125,-1.596290245623909,0.9977748598705173,0.7654194159066461,0.0029227037894123367
-0.02648794863325114,-0.3434118857779266,-0.6111626961240074,0.17386781520908984,-0.7330729379552409,0.8378098784745319,-0.43532649090952996,-0.3848002919671484,-1.5543700313046447,-0.5862810511743661
-0.6803254021609876,-0.21262481836368197,-0.41221424882246593,-0.9491957108339723,1.900771813869417,1.2083832030453079,1.4119415491423402,-0.8951321938682872,0.08483789799587128,-0.7220190060817955
-0.8105991800172226,-1.0041963126118179,0.16078305500895596,-0.8129037666315775,0.5850120372724636,0.2867239229998002,1.1438847658262974,-1.5916820367977995,0.6459150028461562,0.10445575355093704
-0.5049229328477574,1.2967561650958104,0.9997549820630632,0.29331630548203796,-0.24588724434646714,-0.29288140386480466,2.1527990938603634,0.6766679472231083,1.165197326957568,0.3164077907169563
-0.7079464850339721,0.328623668436793,-0.906784617863457,-0.520692236980254,-0.05885293316066338,0.03996092014269151,-0.25280791823056076,0.26575739275357724,0.47281128514484505,0.29680446323035625
-1.130740890069391,-0.86374477270469,0.012253040030939176,0.20759186898509085,-1.6462326907448441,0.0076541622977341515,-2.030715620866209,-0.45681994023208333,1.0889148675176963,-1.2592391725131467
-0.8180256935955542,0.036467472033636095,-1.1630525539207042,-0.8086641683446831,0.34916057371865816,-0.6880318254020539,-0.41919165376288464,0.4334282615673027,0.1536541371751895,-0.12406461075146133
-0.1074294111637292,0.5215985369944244,0.2682299352706233,0.5537279557030934,-0.2429843492656243,-0.0187309790671205,-0.4301709221054303,0.2823302579549622,-0.45434092378219865,-0.3380501053227855
0.11478306934765833,-0.4166748424873682,-0.011073211969946267,-0.7768104556553805,0.05957064601975339,0.28037978933748803,-0.10612828558736705,-0.9905173094835277,-0.20373596283046655,-0.26590541841925985
-0.20705215218135378,-1.6360280914011007,-0.5863313505839545,1.339472932565437,-0.7501618428061716,-0.9534931026567868,-0.34359291153724775,-0.24055915172080572,0.5112423340178173,-1.4403003005626032
0.8294277596096618,0.465511776479947,0.11778895289639317,0.35310412159466975,1.0188853851111423,0.8601595269303153,-0.6618012008976842,0.8621367679329816,0.06571069032921158,0.22622723138891923
0.21835208147879479,0.14808175075411587,0.8943007948692985,-0.008328239383049232,-0.8782133346635632,-0.2677737941936338,0.2860494071133662,1.19295000966587,0.6152811177420417,-0.3201334853698919
2.2028016141442452,-0.34367777070558553,0.3221400607166235,-0.5041956502353524,0.19909953032688443,0.5583238292082138,0.48890246176059526,0.565415879518948,0.421697115210317,-0.6218115018591184
-0.6251211729458921,-0.2824959940996543,0.15280536507710654,-0.5441830597159341,0.6869918287759131,1.117932642870381,-1.014473680335638,-0.9393397456147737,-0.3907508592435916,-0.22310073381687315
-0.3414315229344289,0.7827906895052066,0.4373571224184877,0.08975865622374082,-1.164156584270334,-1.0946066153006535,0.35004285901859417,-1.5273834580643406,0.9447676319056447,0.07968779576638228
2.5858955546602105,-0.30384282300374826,-1.3018644186471056,-1.012975793535587,0.12871727516784273,0.9865154178140351,-2.235671490670132,-2.3405501083204276,-1.3255900730367898,-0.8644744239573705
0.04826548017605871,-0.8001764921921459,-1.8602998421130448,-2.884059927540034,0.027889114851408096,-1.255244221337025,-2.4789729187622807,-0.7560673858505478,-0.13999277433725846,-1.2488438707301315
-0.603701532816733,-0.7146408176225199,-0.809395672527665,-1.653030808537521,-1.0105703730400635,0.197888175613963,-0.30582197924474996,-0.28950174516459004,-1.2297793904530985,-0.7167648385135978
-2.028732267891754,-0.11916884295640201,0.6536841199842065,-1.4672601994366958,-0.6400836205283228,0.20994693557324215,0.7252422695462363,-0.4582917903773783,-0.7022572644039105,-1.3605796757502564
0.2689443846546242,1.1498099259554215,0.4171745279558886,0.08272418679765081,0.4283951960778019,0.09708168763598192,-0.3769281603462597,0.9083631169505897,0.3415173327821286,0.24881497217111118
-0.33611532425947604,1.8701500953891732,1.603785060946061,0.30538254751974875,1.620777677174347,0.08623907522089456,0.4844838894908654,0.3885373917062394,-0.6573907255363389,1.4766874984501581
-1.341936714806671,0.2304970666591992,-0.4993217013685064,0.34620579311302946,0.2892433950588114,0.014273016173593087,-0.14736330951198873,-0.34588574276036105,0.8392310275640111,0.3621767693708528
0.30613915089426175,-0.5289936281948014,-0.02756055108158128,0.9452733787326866,0.42218130954899685,-0.43162915437355953,0.05048605588059186,-0.2560634845839517,-0.09728954961220843,-0.34233643955458654
-0.09239371992430384,0.06860911519072875,-0.5939756875235321,-0.9611995747918891,-1.2499928042315436,-1.4393379373012605,-0.9043314932092478,0.15834568588966816,-0.759831847095717,0.27120348305202513
-0.24298113062910065,-1.7460164372377285,-0.4477260716318212,0.03267676525588665,-1.4015664492901159,0.004624259515934118,-1.3546491968185699,-0.531002232725381,-1.6078692138912651,-1.9060608748052819
-0.2952117376457316,-0.07538433817198872,-0.24725362917921445,-1.1050827333868105,-0.3766824091117382,0.22741031759379735,-0.06402226687058392,0.1772577128889081,-0.5765354252918429,0.6617535595194476
-1.1244709450112242,-0.053272378720975906,0.44800841064995767,0.16525321732396053,-0.3397508905412207,-0.581668135217125,0.5157469624927543,-1.2935160338562202,-0.972135302677442,-0.4909723726594659
1.3267631652058207,0.44535618826728834,-0.2971077241561027,-0.15736284652827914,-0.39252305144393856,-0.5214611366481257,0.9153751667262704,-0.8546576295004134,1.484764267242201,0.7390881925432213
0.7980787997316998,-0.9421879572512138,-0.770941507547839,-1.7893082260520177,-0.8980856170639492,0.13376201338992932,0.3138655263544219,-1.3889401210019527,-0.7722717204048001,-0.7884313776129176
-1.0528659937030944,0.7116378140857255,0.007122533014342568,0.05559470816966308,-0.14914967950363223,-0.5209770436430121,0.3507181650617542,0.20583397865040268,-0.03470020364788391,-0.021849077463450488
0.8865318363268432,2.0718889319275333,1.3460536783572938,1.6669460552972246,-0.46242029893935027,0.691250160948428,0.29989851066603734,-0.15272597512243072,0.2222353675517455,1.9509757166811352
0.9123239428281703,0.0019053030540241793,-0.9816266811153285,-0.31068888688853724,0.19699812401187056,0.11106336624756145,-1.417865506617062,-0.7468537613659261,-0.12820249383409765,0.21075380749362824
-1.8365840689318131,0.2826967811903798,0.41406370559385064,0.8831396454549434,0.8019938736589489,0.6592553248969018,-0.3021208008368137,-1.23588875239778,-0.11700981838531661,0.9069249708602041
1.596862126747816,0.91515903812283,0.8186467010209625,0.6480282378164853,-0.15429071582519072,0.12873265361380892,1.6746436842895276,-0.2695310697307329,1.6923714678605142,0.3597221183383133
1.1613480263004,-0.9684093468742567,0.008586500209518691,-0.9443072872662683,-1.4679408118096797,0.04319948730756183,0.4155572588755952,-0.9004129614923052,-1.468932978358295,-0.4024203832478826
0.06198892220897607,0.4299358619869321,0.7363102992115772,0.0003618794671440699,1.738388921141673,0.2753335748790652,-0.10521189698696563,-1.1122498958798788,-0.10781439153670325,-0.03252402302656916
0.9632823181398741,0.20448193126756373,-0.676018047295351,0.07591867347276161,0.5852966956998378,1.3607658954023503,0.626401229312096,0.6640281222394632,0.04079011847230569,0.22294753326197359
1.261001523980422,-0.4918401046890826,-0.12327722016495385,-0.6846738277872837,0.3703669161580011,1.1261873398610962,-0.37582004484956033,-1.8226469036371853,-0.3004749861395415,0.6043286636310089
0.30257351308213276,-0.5105685841412081,-0.8017819990091748,-1.6256089620733625,0.0478538762539204,-1.0302974767680808,0.9891643304760216,-0.00033160779971574023,-0.9191924166342715,-1.0165346480430533
-0.01121611724490636,-0.08682823773244344,0.6687529389344383,0.09499663349403112,-0.6477529840481445,1.688151639523283,0.03447337302570816,0.67822518975902,-0.5019355427146898,0.2178234225997418
0.525715769159325,-0.3745047501058009,1.5820084734197826,1.3173207462823506,-0.11165269260882422,-0.8076813171283279,0.5893872304809658,0.4358208108395773,0.551492945438233,0.5059894786798389
1.0321723357339248,1.9104160213867614,1.5276344641312773,-0.1346157761057423,1.9270274653375357,1.983465448386189,3.2855518665128813,0.07932778818911085,0.9845603053457523,-0.057094021096562315
0.9079536491301957,0.6136572897271857,1.9094699417396561,-0.18503206464015726,-1.0180319803742435,-0.07770192237293203,-0.7425081227025327,1.27171534921732,-1.183727674870618,0.7890881532109154
-1.1291497597003,1.7759538605828946,2.73239678504647,1.483144656501793,0.3182154649340248,0.7480876125151783,1.5461460374383749,1.8233838426617068,0.04873699273096342,2.1065367565043234
-2.7076277834033244,-0.9606123378389132,-0.9181939467763021,0.017371300331761194,-0.3843298247588977,-1.5374921814611733,-1.2772172816981813,-0.2965987491859305,-0.5038094233351321,-0.9927475337926508
-0.08237331870616461,1.0713687851807536,0.41848839314937575,0.35300431018565537,2.345678728475169,-0.9582775309659592,-0.7165871341430695,1.2413879996274497,-0.0921473859785704,0.5119685069208533
-0.5964429219622497,0.04602652403080807,1.0799376502598865,0.7153485072012269,0.8405187817795996,-1.2018009982652853,-0.7111185974880421,-2.128966327063887,-0.5796543589934846,0.7004908313862759
1.294109732131096,1.8510865783890718,1.7942658177721895,0.6045692367943128,1.280192658770565,1.4719180129188694,0.4019439833141992,1.7076520720909556,1.958773426885578,1.5393251355664759
0.4420424908364008,0.48442824150319636,-0.7288008146849254,-0.21225625142055668,-1.0769037877881495,-0.13784592452240008,-0.27128438018639167,-0.32632157335041606,-1.299519786038107,-0.5608147168892552
1.138820890888959,-0.5612411869738504,-0.13481902092564635,-0.7709882239427175,0.22110788344370375,-0.06188200268920332,-1.3049579760014622,-0.24698363630232706,-1.2938408240510246,-1.0842061693086837
0.03819851072578838,-0.41212339356680705,-1.1870351989220207,0.4757904822895682,0.18621823780221974,-0.8517704743040155,-1.552074258688532,-0.46455677535803663,-0.7127061502960246,-0.4440708771540239
-0.9951518984741704,-2.7623749679323737,-1.980128426419096,-1.5771248914930727,-0.5345335599475098,-1.399500713740361,-0.3464963817563975,-2.881026796567875,-0.10943933792237126,-1.8993569224693476
0.686049047213313,-0.44000680818184246,0.22763835607254676,-0.7171908786960804,-1.2516401901937764,1.06943925524961,-0.4787201481014659,-0.12105440691772981,0.7093115012478809,-1.062273530668088
0.3610657716202708,-0.9360892650937153,-0.7043847973261919,-0.45889930546739754,-1.7249584567195475,-0.9758341749612056,0.40235381728304487,0.2633503191841855,-0.4857756457078117,-0.4985400894676139
-0.15529580548603256,0.7118852550010549,0.006922684914238244,0.20720220614847493,1.0743897719084397,-0.6442768885834543,1.2066473838518832,-1.0947430737439812,1.4068536468698911,-0.11471807432245425
-0.04212443854869889,-0.5139369435283583,0.01699643671566196,-0.7717678849130889,-0.3769465026350918,-0.004231110718949195,0.9139796395802409,0.4317620127885445,0.4258614954633277,-0.38567085164762954
-0.11147575138878608,2.440442695914711,1.1208614865433233,2.43277423631157,0.7252507053468532,0.677359019221543,2.100453608851718,2.288020837669605,0.9283029093983435,1.2970105664084084
0.33905445882099217,0.9869198988349109,1.3021145577270006,0.4776132213374905,1.0156869497192669,1.7996431066442158,0.9396195935700444,0.9114662033565251,-0.7396977117092329,-0.7946117278877717
0.23080371217619486,-0.5607105224564443,-0.7763660102885511,-0.2060195200610196,-0.3608170194703363,0.789927463490348,-0.37258662108215423,-0.9355757088404211,0.4800671904460194,-0.6213451163605456
0.24948547409781655,-1.011866569419281,-1.1203301928233051,-0.5297590031903923,-0.45963260764795844,0.09558869270351092,-0.8584548956120757,-2.023465140437079,-0.8668266297125884,-0.28675890668316417
-0.04169701617059465,0.32686802174671203,0.97882402656609,-0.40329256534421665,-1.1264111193522652,0.029505427667323263,-0.010882371009612353,-0.4175301063007661,0.11166091307006322,0.6787870967264727
-0.392246810098281,-1.0505046121791053,-0.03656550471042898,-1.1413888136179575,-0.439647806990127,-0.9392233620775432,-1.5763483000781224,-1.2882079911172433,-1.1373038102514472,-0.8915590223678806
2.874076667913588,1.3189482920984459,1.2691538036630488,0.9325730691199081,1.2666816186266137,0.8940185368962095,2.221355663779937,-0.7244165653207506,-0.9671482061636936,1.196387792852
1.488629428121132,0.37230122875192806,-0.775502546753907,1.096998282351887,0.8007814254114884,-0.54949673860218,0.125401758135849,0.026689133336021895,0.7259061392095033,0.582208066437642
0.36574867857396665,-1.6517098941552315,-0.8862877492086293,-1.317631129375765,-0.47906681275805113,-0.6559061863599625,0.2149645946503665,-1.7629001987174953,-0.2369558933613683,-0.07293341084858476
1.2073406009424643,-1.7399945346401242,-1.2265852004515312,-2.6227041147024597,-2.9975367933884036,0.12508310325861452,-1.2571221317959782,-0.1211492399242519,-2.0893604903857366,-1.11995946268013
2.2649464549759815,1.381721571422407,1.277842465419048,0.7161053338097805,-0.7129099777325117,1.6940546903971816,0.5195486469926048,1.3293510342730153,-0.5534154416345136,0.39791658932560653
1.3610278375212386,-0.2571461719518109,0.749542159958336,-0.2128344181994422,-1.6989162748924644,0.7476940647020616,-0.5236859837648421,0.5312220333145581,-0.058002512725582774,-1.0267171168435916
0.6416973413309095,2.0423724934074134,1.3078314351708844,0.5919149620101198,1.5649134690398558,0.6313254799570113,1.0236708150137892,-0.033673844251946104,0.8594605527368178,1.6153946114031619
-1.253935147078867,-0.8142672340574352,-1.37051874924911,-1.7681512049630543,0.05611364312961852,-0.8405153884330958,-0.6234421410822399,-1.2300149475743294,-0.9442244681734577,-1.0378354779768775
0.13257113164407258,-1.398262951889917,-1.1474944097061284,0.3689875159095228,-0.43558962932854434,-0.6904198832204865,-1.4238111014552643,-1.2186636119055252,-2.007923751657456,-0.5711691942035734
-0.487438136968835,-0.4167326045441459,-0.03604654000381567,0.23602266934893384,1.837010154926398,-1.351738699266348,0.8158887401239603,0.8304734982497048,-0.6530016617533034,0.10718031933014452
-0.3423797116030647,0.11608268700821549,0.9153732836906459,0.46749315975765415,0.458908419590849,-0.37244879059578895,-1.047896436200891,-0.09554739669095456,1.0021091217381464,-0.8842699588921275
-1.0670362869360976,-0.352550106684874,-0.944809602549332,-1.02053589267861,-0.6170520993427882,-1.3866781324660302,-1.0407698699658623,0.3168792096406388,-1.338358707491734,-1.335438807709874
-0.30609154567330843,0.8643791990471813,0.3989986993734822,-0.1149808644276859,0.34176248261484965,-1.3359196995170617,0.7847851398668474,0.7563766505075821,-0.008387572425466736,1.091548870185951
-1.3449853932475113,-0.47222876133587377,-0.7924307238112036,-0.9889591515643386,-0.5745512700487254,-0.4891947459939553,0.08632974982369257,-1.5206604001166144,-1.231187498988808,-0.2823290319925168
-0.5351024371035252,0.25474867735678075,0.8696654847877645,-0.506464545321574,0.5151764140481482,-1.0860427645543396,0.4195939235151827,0.11036877122066233,0.29471921555449787,-0.5175575979402951
-1.4354832347180089,0.318025446262288,-1.1010394233818386,-0.28119939140031447,0.878186992718409,0.20881892462469365,1.464047874031076,0.9472366210516079,-0.48663749953003543,0.09762076704311758
0.1982632249709422,-0.22760111496878946,-0.12274176775514428,-0.2605356773498164,-1.5506886231734645,0.2232084693570543,0.1737836126363868,-0.9729320376422672,0.6004610310709945,0.8303381197291745
0.5204765046236935,0.4892950796028832,0.9306140281662658,0.9182455893149598,0.6191892274160533,-0.48260768714973057,0.6924972098776818,1.4691615866843688,-0.11338610887377229,1.8120020097272627
-0.805250637658999,-0.9942496389980181,-1.320286910765197,-0.5421409899676181,-2.124523204321256,-0.9010333887350146,-1.6114630525023006,-0.5800161608314947,0.18144521223134302,-0.5606541831419165
-2.660068921477383,-0.49487559548787635,-1.0957412158509088,-1.6376474374284478,-0.6554526233629681,-0.40590288719374007,-1.6018791541354616,-0.7957822724283321,-1.3610761857202942,-1.5204798481388304
-0.13496492183803743,0.517066211958267,1.138921381204829,1.1662728583579007,1.090249519640386,1.1889016807609276,1.1346490580956985,0.4431024025582937,1.3793806081468754,0.22962327695465334
-0.6566619662987456,-0.12414970458904978,0.901508656672354,0.9226453648449346,0.5851858211739268,1.0702801389138212,-0.40897829664175483,0.5393591300512274,0.06488402940358824,0.7580463181058793
-0.295621352926649,-0.8384464493137368,-0.3042912050088095,0.23656409099992798,-0.9849285671665742,-0.3321427820438575,-1.3162452424565878,-2.4597656933547816,-0.26365647485683524,-0.272932109161051
0.8394298061393083,0.5385246177884236,1.0759594145230984,-1.078471897699307,1.9841846241847216,-0.41082462921795143,1.9987879981821606,1.8136878266925551,0.0998831478905403,0.588020813716615
0.43176374114760696,-0.26570524478958346,0.15431580415023935,-0.4257711778964468,-1.528216069782448,-1.9522006119728514,0.22725293293283083,-0.33571446302779817,-0.40632988893186806,0.49014500529775473
1.5593235934503271,0.9283557556942678,0.774898433216364,1.0360074079461328,-0.6127480709018194,0.6212060623726888,1.226771691737662,1.3576116787626753,-0.9568805093633098,0.502036177963457
-0.7261768239776003,0.09748601084296517,0.334462818272186,1.2434915864385823,-0.41688756332253024,-0.42495108420293,0.8538129852758279,0.32522103354046933,1.0636109086885108,0.20913692326420127
-0.30527386956235797,1.2579235130569333,0.7986823440206543,1.6877817675964577,2.0833800657189117,2.390895439838242,2.0706565890150763,2.32006421849972,0.6444702410232716,0.9935992791429304
1.4554052357859322,1.7387262594804989,1.5109829216898583,1.2745380263100294,1.163852587418598,1.7758639957424012,2.1743008941735154,1.622449729780016,1.6479130178776458,1.732425874632352
-0.44662591666997126,0.09781451504649383,-1.017037758023945,0.6796379714229693,-1.1955840744706419,0.1584491097327547,-0.803442474892684,0.3266047839881155,-0.18075813534597937,-1.16801018681031
0.7890921343328848,0.6118386272977102,1.3136696842584303,0.48742948611153347,0.8291016012818397,-0.5067371863647534,0.25945339454138927,0.30383098159263255,1.2245324074075556,1.7767256271431806
-0.46113416047368816,1.0328024440670447,-0.7292931023774234,-0.7274496314564987,-0.5326369976170627,-0.9772358245628161,-0.6879534854737048,0.7948723911927599,0.16451049470615112,0.7386840888259907
1.175191651242141,1.328602467401878,1.5116338619962508,0.6577401059134471,-0.3663998924420867,1.4339861171205268,0.545764640063089,0.17725171879261833,0.5931814056241215,0.5681431878435967
-0.650235041381284,-0.7178300957877456,-0.5949429794433967,-1.4104437623321846,-0.9354650609493609,0.6013928375298964,-0.3582770880682665,1.0885920403299494,0.422163240583115,-0.1337526066170047
-0.9886361913397096,0.9344408069866286,0.5347897389426655,-0.15228271198980017,0.4830990045545699,1.0857638453639784,0.8347220696454236,-0.22049610985599322,0.9731364576120197,0.16928301648338553
0.6291720078827316,0.8073580287469954,0.7458713272446547,1.1938250192445905,-0.39450145911220685,2.11237705656179,-0.5604305503843533,0.24815179874863344,0.8725855757282849,1.2002505820677885
-0.6265628261169879,-1.5981177661911812,-1.2141882059797382,-1.3007059414470905,0.3218652320057028,0.10368767411218018,-0.6606789410236062,-1.88088333290944,-1.0509399731014202,-1.6438386596224126
-1.271183624918786,-0.9055283077762832,-1.2902922077610903,-0.2057346488704588,-1.5608705980566846,1.096819233917173,-1.5134360095665278,-0.5503969784065326,-0.017399749059121138,-1.3301678804129968
0.16312010153167603,-2.3521581977010233,-0.8402452901650886,-1.2536814165445476,-1.577739258620209,-1.0130672726332277,-0.9086085044220293,-1.7553512994046268,-1.7563253570453077,-1.8279978463817448
-1.1186361055944143,0.537224018895399,-0.5524878584682107,0.47715970962743953,0.03386381167557343,-0.9813758714880892,-0.21693932224838636,0.49934608670095626,-0.31888662499991177,0.467857962965919
1.2606436539025982,1.0292033464072023,0.32443621657016175,-0.5874103282198301,-0.19110870054194157,0.4295519739027591,0.8896244912258783,-1.2431474856569174,0.3735967142132677,0.6669035309967353
0.3214358224908434,1.8889570290593671,1.4848515437368375,1.9185573240707448,0.5591014304925197,1.3752717599979465,2.2356280310170145,2.077066309477054,-0.08447273715282833,1.0689963679818044
-0.22863629484559816,0.27082071159495125,0.45942629648534283,-0.7552639019283084,0.08345925954881786,-1.7796184765773593,1.0679484057644706,-0.32307477372974513,0.0712455599940724,-0.1401776778888843
1.687136194510872,0.22565939086314543,1.3342316749134748,0.7779225381464041,0.4134153058786991,2.1242219662517727,0.5194750721820821,1.7236331504496214,1.1756382404192387,2.0711898682211003
-1.023920087414275,-1.5511692849825354,-0.5030302941304182,-0.51756172583499,-2.080203807823935,-0.987785898180521,-0.7363083791140977,-0.17948211903627717,-1.3351001299582541,-2.881581463850282
-0.028204943496887867,-2.0489641459757033,-2.579971584932468,-3.4988493112689323,-0.1614683518481743,-0.5097714244243683,-1.4077796051260547,0.05500918225719205,-0.4313230672245066,-0.46196496577772167
-1.2461519064647724,-0.07004070549685694,-0.9865341178935314,-0.3081043439431735,-0.26191851974403224,0.5324836577385041,-0.025905392360517056,0.5088510810223613,0.5319889134680948,1.2141257903463325
-0.0951407735220128,-0.06804870748726093,0.4593949460533344,-0.5434873925538055,1.489864747328652,-0.11893272094728784,-0.14693030517649477,-0.08840389066691896,0.786796255953429,0.20509437861051466
-0.5405445990701029,0.6814828122917689,-0.525512569474481,-0.06763440911915553,0.5452912344301621,-1.4719956719270528,0.3019982486442389,-0.8303285493053563,0.6426851012474776,-0.6152164471044388
0.005120919827778211,-1.3729814386040322,-1.2069378333553102,-1.0667468795478312,-1.2696608215573308,-1.2704452582630097,-0.45457295293790784,-1.8664954045981792,-2.008359765214802,-1.3254511656065848
-0.703310552436549,-0.4937426220779584,-0.9136134701323604,-0.5450198615954022,-0.13248553912540234,0.17841494947930317,0.5988096219225336,0.4091687380393119,-0.22158366573345312,-0.20849225947342537
0.09574354005696047,-0.62113911946699,-1.0043667361801836,-1.2404657130916492,-1.5542205373970324,-1.7678600242922888,-0.481279741969611,-0.3398708450950702,-0.26056000997356904,-1.1679551941320687
1.6024027163901984,0.3830671000932496,1.1075007107607753,0.27738737534131985,-0.21082551121652612,0.7654300602128065,0.7575820488133513,0.7654748800792229,0.4206638660138989,0.5113070063441182
2.410854488406381,0.8304933146493179,0.7221348971285639,0.2300934933050822,1.061691693355722,0.588940827519015,0.2644570113575099,0.03556173941077467,0.12017153286200234,-1.5952591539248362
-0.05819334279745552,-1.0535886292307621,0.1491426536133854,-0.6094704470364937,-1.5419998364690726,-0.39165816026420586,-1.4453522756783215,-0.187163301255118,-0.2948581460436901,-0.2236653704872396
-0.8433290477407921,-0.44910593706393065,-1.21861892826451,0.2233300334579988,0.1827846928137336,0.24946181842329204,-0.3876906360638055,0.042539394136612264,1.0196404149219098,-0.6097322286799023
-0.16575697019005275,-1.4170224624926535,-1.3800829504082164,-0.6116347572859546,0.42213896640384413,-0.6189778521879523,-0.9508908585740142,-0.9748788295941483,-1.0393474199679054,-0.7148819614195648
-1.3456953649812358,0.4894131083278371,-0.4393751522293591,0.5033929037916419,-1.1675108554489173,0.5675357100388275,0.4177192661754079,0.3112500485565056,-0.8674577686263182,0.07870930475577553
-0.7065474859786866,0.7370487043560022,1.3863022804384357,1.1598370009820929,0.4849658920939811,-0.5280683888737252,1.1323594704698838,0.6787620189491741,-1.3957858634262115,1.2327760692324647
-0.2920154764763018,-0.3671650855491923,-1.4513836415372625,-3.376491496124832,-0.26890422776938366,-0.10393568153106347,-1.9401744425433072,-1.3882105844753254,1.7052864828360237,-1.0104105225421223
0.9178570015697567,0.16379355271456777,-0.7998356350924718,0.06823968880205622,0.007628385755433064,-0.17936041724926322,0.26260581050531606,0.5829976848105686,0.13911348398780274,-0.35192735777608564
0.3375903579714501,-1.3167964818457214,-1.6305817503777131,0.24610395062455434,0.16398480797877188,-0.24962273504375249,-1.4004179379149289,-0.8737746550127614,-0.5239969080705924,-1.400294120962917
-0.8903346398373937,-0.43186730312138494,0.1743811968948798,-0.9001370606930488,0.2507480986773865,-2.000044104460437,-0.11746735363348362,-1.1220049342157632,-0.20028884836298172,-0.8173210888526964
1.257047660584369,-0.47717957391903854,0.275727487434449,-0.3810422203727968,-0.20834546909813456,-0.20867554756452397,-0.7015255976590625,-0.038893059196116284,-0.12607334680306642,0.037266595081429196
-0.20788030179455205,-0.5852672313482179,-0.3186197874879623,-1.5823724231012697,0.22666133704200453,-1.439342630700692,-0.3434319129286012,-0.1311261477218556,-2.157547483942373,-0.8148894419225533
-0.5573750435475663,-0.8255515965362225,0.3274480355346346,-0.9617681704424768,-1.0077488589467634,-0.13947714320353047,0.07366287633423692,-0.4321869222885591,0.6377205541320241,-0.1587066556189421
-2.3656322883064993,-1.301203148087031,-1.3164295359852176,-0.36518415431044443,-2.9411682980075984,1.8313607129555132,-0.501355211419159,-0.616714294947096,0.2948452735242526,0.3854424337972272
1.5460377511840253,2.1538223663934843,1.6973744040846173,0.9429023342650166,0.5647561495940498,-0.0289377602868187,0.9052163676644375,0.23010095999982305,1.0058695962041717,0.6013793706364011
0.256184801737081,0.010144343504853891,0.11376676148595792,-0.5062654280845802,2.720930920049956,1.2193148889962473,-0.8847431794133949,0.2528549847951124,-0.49582269629512477,-0.589986471211354
-1.416981772792844,-0.44350822294228853,-0.9746272980768822,0.34352809018556624,0.5076630481020624,0.9647391253954638,-1.133478952416975,-0.02943029444297677,0.11830600470281834,-0.8748555098695152
-0.5772719295955153,0.8773588597376474,0.3081582622769857,0.5907091404503602,-0.6312789117283197,-1.0151180469248846,-0.27228257949074003,0.08116137100653885,-0.7722115586030859,0.15272976441738423
-1.540319293381314,-0.5875431045578611,0.2965294377773256,0.37322830663948803,-0.4173022138072332,-0.953962319772095,-0.8355424696772237,-0.3320755632934818,0.45223912130602445,0.4401741181530234
-0.46993019456794766,-0.6987731390372234,-0.02749926216611706,-0.9138056607333664,-0.5841460325287388,1.0952192715657159,0.4148130582469435,0.025830841567911805,-1.182848270053631,-0.0742397230236605
1.2636020186502366,0.3802491245177356,1.2918027260214182,1.3867250448992567,1.7673893410195267,0.489182668975305,0.8449312865867448,1.58222693045102,0.6909638209177131,0.19092791394954803
-0.09154010528800392,0.7721968366923921,-0.12562503553117735,0.23888848213503716,1.3394048918232635,-1.6841935118678684,1.626767561508677,1.4400279294579732,0.02442074365517442,0.9282238809596339
-0.11127809768815017,0.05047485293658829,0.13251967726434705,-1.588265117616211,0.23472147261503556,-0.38184834332911316,-0.3414939740518006,-0.8902772925559712,1.128655202637065,0.16214856231216165
-0.8169770973779277,-1.092992544281052,-0.7004098301544466,-0.041645124626017105,-0.09480179138210976,0.9020631832125091,0.13243232467891913,0.44980517091600275,-0.06452279256569708,-1.315334016373397
-0.20887869423539193,0.2051100489948258,-0.2578203476542868,0.19219106688677856,-0.43546742025689245,-1.0237869991010733,-0.30510987242901605,0.11253452883778878,-0.706187699958257,-0.3838231894448291
-1.5913630468253797,-1.5762313140390614,-2.072529393238257,-0.17306712641524308,0.1653781292547711,-0.913999871782694,-2.399958007747665,-3.137354108709552,-2.495213472915676,-2.7273923654067724
0.8305976210356678,-1.3065123526307847,-1.025280452964166,-2.864676451549889,-1.8424915979926368,0.23466858620707381,-0.9050282561546084,-1.0618840780746304,-0.3870885842817183,-0.2954547320439599
0.3277116604558423,1.2426273098991516,1.2397517580323012,2.7673676337754247,-1.1729859078133171,1.0994305469587133,0.8843126983216474,1.3880525490804034,0.19813847384749755,1.0788000555754131
1.288915950749749,2.7995939736127924,1.8271530932801252,0.151024500751143,0.448113878001793,0.18718747264813534,-0.11949239073639287,0.8453862820681037,1.4941740814539652,0.5814136207506854
0.9559539598591216,-0.01785987103676776,-0.6332442948726741,-0.3453766315594531,1.2706940094484984,0.5575507594882092,-0.1916993505266384,-0.31159112446861237,-0.0899473976770567,-0.5260515146673075
-1.6920374720170543,1.3866579915591224,0.5655609297303978,0.5977961492785606,0.22791298096773063,-0.45186958514436876,0.26379218106907265,-0.873250594008414,2.174079380604598,-0.2747395635324116
-0.7858327336346076,0.0824279708196081,1.0050526428073907,0.11446613923396476,-0.9474670348463186,1.2252341175621622,0.7295126094784594,0.6788046381286327,0.7444248858125245,1.6580774767451094
3.147277072406995,2.443535279218361,3.485363210595681,2.0411545835148357,1.9922059518398916,-0.39649563243998653,2.0782989816659994,1.388331050287553,2.3634132992072954,3.1524027636225265
-1.4786716161724975,0.9828661551865975,1.5758116084226153,0.4123607555690933,1.19899474643572,0.7136334193193098,1.0331169589675058,0.551178160110157,-0.39790023035539573,0.23934419342627739
0.6821903367859508,-0.11132244050078727,-0.18691218523697933,-0.5169932052167144,-0.34867671877469364,0.8808675579939691,-0.3508869115380415,-1.1229227802084394,0.5251193654189913,-0.24439770845228462
-0.2300336425128532,-0.16600628649419866,-0.8016626708974414,-0.38721932206556375,-1.541097065315197,-0.5486978961760425,-0.27046701270979606,-1.8339412156752164,-0.3775536931192544,-0.7446341116303906
-0.4428976695624364,-0.9915799317335068,-1.132696549904437,0.25336397058648474,-1.708412348552427,-0.46806002783195144,-1.115735107278593,-1.8650269360158676,-0.11568343644715515,0.037786299368417854
0.12038664957518441,0.3929236573652596,0.21635354110222263,-0.5725379853050612,-1.5185477838302837,-0.561183337607729,-0.8691393882248948,1.5490501904869842,0.002080641182987416,-0.05516021977072253
0.6348543872115084,-1.1623683232060251,-1.0710769524918804,-0.46088728465001527,0.5097657904144633,0.166657020867666,-0.385693743368386,-0.3867046237735959,-0.10379433484494889,-0.520834044947368
-1.3753587643794543,-1.2536649291795532,-1.799253993162706,-0.837247481467942,-1.161781670951504,1.7413067539670448,-1.072088511645743,-2.0154897398834866,-0.9103638621278114,-0.8807783362310022
1.4009072570016188,-0.8355613613015768,-1.4545793280280943,0.24499938147771938,-1.5620854621356184,-0.6294907777356488,-0.6690586659402474,-0.4345139829558059,0.19423709258908375,-0.9552605452002462
-0.556509664776669,-0.9759114512857415,-0.8067761600311446,-0.6246201778097149,-0.179053826273781,0.35358006891531524,-0.5166681391553521,-0.29526904830418943,-1.912601543472471,-0.8783601708868376
1.0878444201274835,1.8118098617572478,0.9897019219962959,0.33764129907666485,0.33679536739336996,1.0848519039354252,1.9380854131334746,0.8103952068874901,1.6613834259178373,1.4447278718779144
0.25207140566167135,0.6893250096487804,1.16120426513701,0.7131137793044026,2.4439260984169477,-0.4454855132329043,0.9880515998868256,0.18843395502403673,-0.24370095256539093,0.7018564495460511
0.19166905849412913,1.2423767339114555,-0.11440987097324615,-1.0527754028869847,0.22291276031182045,-1.858189238179932,-0.0901442930129603,0.04981724237731692,0.6331584979752735,0.5529975494362092
0.10379161315264306,1.2488015186400747,0.7757428551185382,-0.1850830343097764,1.012078685946207,-0.6038489087108432,0.7509935422362266,0.20156886386656775,1.2526132550898093,2.268847030014596
-1.1161237763563399,-0.7337058208877604,-0.009497419655022096,-0.02061971276418427,0.2183111509262958,-0.37568762694138214,-0.10650528059860097,0.3888468346388051,0.8822869572192772,-1.112905247493917
-0.5698263811741422,-0.681464616021617,-1.2455660409065838,0.9040133748167936,-1.0132006838245964,-0.35546492010510466,-0.24087080584325568,-0.9949340774901476,-2.0083752903135452,-0.9808912330064594
1.5428282101608104,1.2071706976189622,0.76470278432069,1.6009492967267223,0.46827064167054816,0.09236074339556753,1.1862439839343952,1.6541966130260715,2.7822150834577744,1.7268800403574063
1.3282200260098576,0.25710624325310255,-0.15222597640778107,0.28795410830879126,0.3545471466104212,-0.7716487500587835,0.24427652731152621,0.7146094644825589,0.5779436002825677,0.7250556149717675
-0.0167441656323076,-1.148353737136108,-1.1559331215947832,-1.7107173377513698,1.0345489761044857,-0.3705580860845219,-0.9271331072407559,-1.3816115853979305,1.8251746676057616,-1.5079478035605522
-0.39659614841758767,0.0035223837912486027,0.19101880103862878,0.6314772943628094,1.485358761868146,0.3761640949201446,-0.9122728552080535,-0.28896315280678536,0.1324780972870027,1.0517436868145906
-1.530626541706805,-0.268959309881169,-0.6191262138633852,0.12970894997040242,-0.5494393999311887,-1.0748206077848195,-0.11160227399048357,0.000650615983222678,0.3004073595506531,-0.7464664221560439
-0.962250464820731,-1.9087705618682294,-0.6661197486451533,-0.5203596278587517,-1.5701339854257355,-0.9881137153340519,-1.349477512777065,-2.053358535925848,-1.4503848509440285,-1.8283340009894447
-0.0004924192319302135,0.5022218676374237,-0.18195982040969103,2.194076993249518,1.5629275644518865,-0.36405726437240293,0.8441339249393327,0.9810582999996847,1.4743292449354521,0.25968572473174023
1.732833164049498,1.4607598042594636,0.7991074775940561,1.6529484877766074,2.0966464797310773,2.9943010576213447,0.49802994449967947,1.8474272667472817,0.7008968912730061,2.0189313741938832
-1.7765589489554017,-1.7955051022743982,-1.6065592044261152,-0.8252800099605114,-1.291413448240226,0.0737487180125092,-0.2907282404780852,-0.3836317020139121,0.5435018143708022,-0.9226515715940419
-0.8717768585083577,1.0825836287733595,0.1122253947223083,1.0291182548405726,1.661879547979037,0.6055935395038774,-0.6847043060658602,-0.3325832491300875,1.3821909964193742,0.34565510701667457
-0.08125738580091658,-0.2592763006057319,-0.1331543323114283,-0.21869041335218511,-0.5292427229714777,-0.5208898960905622,0.12721088105578018,0.06557068929024427,-0.5859262588446109,0.08815573041149738
-0.21928956717265247,-0.8062073486987574,-0.844203224778374,-1.201768221927603,-0.5023846778077494,0.9169665985040182,-0.9463807616011001,-0.1226240591578449,-0.823993981354707,-0.5730208530397451
-1.5382827811788826,-0.6285901638551008,-0.6024925075093053,0.03941078995039996,-0.11817652300932151,-1.2892901692607681,0.3313194241510033,-0.17346405222919753,-0.17925163160890298,-0.5108235404169114
-0.7090151853635688,-0.6821596153549832,-0.4376315881436776,-2.0797091220881527,-0.9292277943508743,-0.5469030608776434,-0.4576469320427121,0.44291949269865455,-1.1264417274405745,-1.0242064041571441
-0.3928618879685434,-0.3071591865142787,-0.16255169108222425,0.6100315640667435,-0.9200761109626306,0.3930581153119177,-1.2028590877765033,-0.37920148759190314,-0.25959066613995,1.0152198512499029
-0.4720160548298085,-1.693172301574056,-1.8489252884177427,-0.5334883515560935,0.10535464903021936,0.027046808172458248,-0.4973121294629149,0.4393543956548094,-0.9174075191714933,-0.17128119465610697
-1.3572489708043793,-0.15380499736790076,-0.82801979127566,-0.1573700088400405,0.0825482770055922,0.19399374195203278,0.22073140278246592,-0.5303163714469791,-0.022716736855065568,-0.6826465122669092
1.316201131658009,-0.1810407896562228,-0.32647141275976826,1.2540437170247625,-1.1366773239819012,-1.0275325819292314,-0.840098582740741,-0.04534315128719891,0.3115128067788174,0.379509360370325
2.3748773085734207,-1.1861786622098207,0.15583942603635093,-0.6958487493770324,-0.6534811109023014,-0.6451607002951082,-0.8418009041750779,1.2455920846966764,0.5449520937526234,-0.20061146124142548
1.0123803891202574,-1.4652410700918226,-1.5237225424094631,-2.474673809413361,-1.093254881436195,-0.19131896140521096,-0.5988878813772175,-0.4275706915316334,-1.675944068443236,-0.28875721753685774
0.09264823428576763,-0.2045103592868345,-1.577365286859148,-0.14767198993837646,-1.3563038902869398,-0.5695299633131474,-0.051344207187218806,-0.25947082896553025,-1.0335957418789834,-0.48879801572245635
-1.0984606724180284,1.162450527749717,0.5035693828284169,1.31955140587701,-0.09498516052001794,-0.19836311570355566,-0.021615737426047225,1.2400447332319111,-0.1819527661620147,0.9864771818977411
-0.11767101462633035,-0.40902766799659207,0.08124837763116391,-0.7985850834410311,0.27052703633268566,-0.8851892993783926,1.005889291404159,0.2943107991733739,0.11480171319396276,0.7836471584168957
0.6288437019961456,-0.8857174691074494,-1.2562344926717413,-2.1690104102075156,-1.1170428451615118,-0.9110685159691899,-0.6463211597455862,-0.8719792575641553,0.010650078581025752,-1.185899088559163
0.04766637549538227,0.5921322641132293,0.2799669677281958,-0.07277464860813421,-0.4951818164132885,-0.5343282729495763,-0.5563435126952145,-0.32976242315662585,0.6603484186309477,-0.06737119289618093
-0.9309529957432817,1.4246495120272515,0.8056247198643502,-0.8481761112048362,-0.022239282210784934,0.36575448082635104,1.744230154973698,-0.3632604223426603,1.201162241731,1.4306936159445511
-1.0868127364580336,-1.6131617495719393,-1.9815826108792893,-1.225046997775432,-0.8953161535659653,-0.024062014632049652,-0.4405728487766873,-1.6468892665649648,-2.5533955377238784,-1.4047558757757739
0.524864404522618,0.5859744259874877,0.25793542402681546,0.34406435109034067,1.6004340952361509,0.5316582154852185,0.10557562806677702,-0.008125968003224394,0.1445785641568583,1.400058237270904
-0.32957881352375934,-0.6048514239856944,-0.828264074990031,0.4775754156024154,1.3796361037677773,0.15516295414496106,-0.43675481863773324,-0.35910577231822893,-2.3407655477087776,-0.12146621188897663
0.38608644992109264,0.6872131405665372,0.05672208081962708,-0.0766882144679827,-0.08694866696595793,1.1119572868709882,0.12134322551213901,2.0931477904205384,0.6533434496607503,-0.3040521865621831
-0.3130383857694495,-0.9663402959817465,-1.9066895649874205,0.8481375337838074,0.21869762735641624,0.19224810002512283,-0.4500807500087279,-1.569071411996174,-0.8340619314707772,-0.1470426355088669
-1.5256321696053274,-2.703515138176599,-1.6229963592803252,-1.250980727422452,-0.8121792835038458,-0.011863132577618675,-0.8624529253938082,-0.9227517194544137,-0.02851031962912733,-2.4041827590552214
